id_aluno,evasao,sexo,idade,estudante_nis,informou_nome_mae,informou_nome_pai,possui_deficiencia,raca_cor,tipo_localizacao_endereco_estudante,situacao_consolidada_no_ano,etapa_ensino,repetente,frequencia_escolar,notas_medias,nivel_socioeconomico,renda_familiar,trabalha,trabalho_domestico_excessivo,problemas_de_saude,violencia_domestica,gravidez_na_adolescencia,apoio_familiar,comportamento_em_sala,aceitacao_pelos_pares,necessita_assistencia_social,expectativa_retorno,fator_desencadeador_presente,distancia_da_escola_km,violencia_na_comunidade,engajamento_com_a_escola,infraestrutura_escolar,disponibilidade_material_didatico,flexibilidade_pedagogica,qualidade_pedagogica_percebida,pontuacao_risco,evasao_confirmada
1,False,Masculino,20,False,True,True,False,Indígena,Urbana,Evadido,2° EM,False,94.2,9.5,N4,441.89,False,False,False,False,False,Baixo,Bom,Média,False,Alta,False,2.6,False,Baixo,Ruim,Completa,Média,Boa,0.05485017775520566,False
2,False,Masculino,10,True,True,False,False,Parda,Rural,Aprovado,1° EM,False,98.3,7.1,N2,1516.16,False,False,False,False,False,Médio,Ruim,Baixa,False,Alta,False,2.2,True,Moderado,Regular,Completa,Alta,Regular,0.1559167089893347,False
3,False,Masculino,16,True,True,True,False,Amarela,Urbana,Aprovado,2° EM,False,90.0,6.2,N6,1013.11,True,False,False,False,True,Alto,Bom,Média,True,Alta,False,1.8,False,Moderado,Boa,Parcial,Alta,Regular,0.4130692398848823,False
4,False,Feminino,17,False,True,True,False,Preta,Urbana,Aprovado,8° EF,True,95.9,7.5,N7,2045.45,False,False,False,False,False,Alto,Bom,Alta,False,Média,False,2.7,False,Alto,Ruim,Insuficiente,Baixa,Boa,0.31708142881327234,False
5,True,Masculino,22,False,False,True,False,Branca,Urbana,Reprovado,8° EF,False,60.8,5.9,N1,479.63,False,False,False,False,False,Alto,Ruim,Alta,False,Alta,False,2.3,False,Moderado,Regular,Insuficiente,Média,Boa,0.4073133570340274,False
6,False,Feminino,19,True,True,True,False,Branca,Urbana,Aprovado,2° EM,False,77.6,6.4,N3,845.43,False,False,False,False,False,Alto,Bom,Alta,False,Alta,False,1.4,False,Baixo,Regular,Completa,Alta,Boa,0.29659725749111227,True
7,False,Masculino,10,False,True,True,False,Parda,Urbana,Aprovado,6° EF,False,52.2,5.1,N4,266.64,False,False,False,False,False,Alto,Bom,Alta,True,Alta,False,1.9,False,Alto,Boa,Completa,Alta,Boa,0.49162011173184356,True
8,False,Masculino,18,False,False,True,False,Branca,Urbana,Aprovado,1° EM,False,53.6,7.3,N2,1187.84,False,False,False,False,False,Médio,Bom,Baixa,False,Alta,False,2.9,False,Moderado,Ruim,Completa,Baixa,Ruim,0.37277805992889795,False
9,False,Masculino,15,True,True,True,False,Branca,Urbana,Aprovado,9° EF,False,86.3,6.4,N2,204.49,False,False,False,False,False,Médio,Ruim,Alta,True,Média,False,2.0,False,Alto,Boa,Completa,Alta,Boa,0.25241239207719657,False
10,False,Masculino,12,False,True,True,False,Parda,Urbana,Reprovado,3° EM,False,63.1,5.4,N6,736.43,False,False,False,False,False,Alto,Ruim,Média,False,Alta,False,2.5,False,Alto,Boa,Completa,Baixa,Ruim,0.4210259014728288,False
11,False,Masculino,20,True,True,True,False,Parda,Urbana,Reprovado,2° EM,False,55.6,7.9,N3,847.68,False,False,False,False,False,Médio,Ruim,Baixa,True,Média,False,0.9,True,Moderado,Boa,Parcial,Média,Boa,0.3321482986287455,True
12,False,Masculino,15,False,True,False,False,Parda,Urbana,Aprovado,3° EM,False,88.2,5.9,N7,626.6,False,True,True,False,False,Alto,Bom,Alta,True,Baixa,True,0.0,True,Baixo,Regular,Insuficiente,Baixa,Boa,0.2681564245810056,False
13,False,Feminino,12,True,True,True,False,Parda,Urbana,Aprovado,3° EM,False,82.5,4.7,N7,817.48,False,False,False,False,False,Alto,Regular,Média,False,Alta,False,1.6,True,Moderado,Boa,Completa,Alta,Ruim,0.35804977145759265,True
14,False,Masculino,12,False,True,True,False,Amarela,Urbana,Aprovado,1° EM,False,68.5,7.5,N7,352.55,False,False,False,False,False,Médio,Bom,Média,True,Alta,False,1.7,False,Alto,Boa,Parcial,Baixa,Ruim,0.28694768918232605,False
15,False,Feminino,16,False,True,True,True,Branca,Urbana,Evadido,1° EM,False,80.8,5.8,N6,782.82,False,False,True,False,False,Médio,Bom,Baixa,False,Média,False,2.5,False,Baixo,Boa,Parcial,Alta,Regular,0.3108176739461656,False
16,False,Feminino,13,False,True,False,False,Parda,Rural,Aprovado,2° EM,False,50.4,5.7,N2,778.92,False,False,False,False,False,Alto,Regular,Baixa,True,Alta,False,2.3,False,Moderado,Boa,Insuficiente,Média,Boa,0.47028948704926354,False
17,False,Feminino,10,True,True,True,False,Branca,Rural,Evadido,7° EF,False,69.5,5.5,N7,427.93,False,True,False,False,False,Médio,Bom,Média,False,Baixa,False,1.2,False,Moderado,Boa,Parcial,Média,Regular,0.38344337227018793,False
18,False,Feminino,19,True,True,True,False,Branca,Urbana,Aprovado,7° EF,False,60.3,7.7,N4,460.96,False,False,False,False,False,Médio,Regular,Baixa,False,Média,False,1.7,False,Moderado,Ruim,Completa,Média,Boa,0.31843575418994413,False
19,False,Masculino,22,False,True,True,False,Preta,Rural,Aprovado,3° EM,False,96.5,6.1,N2,1034.48,False,False,False,True,False,Médio,Bom,Alta,True,Baixa,False,0.1,False,Moderado,Regular,Parcial,Baixa,Boa,0.5544269510749957,True
20,False,Masculino,11,False,True,False,False,Indígena,Urbana,Aprovado,2° EM,False,73.9,5.5,N6,806.96,False,False,False,False,False,Médio,Bom,Alta,False,Alta,True,0.8,False,Alto,Boa,Completa,Média,Boa,0.3610970035551041,True
21,False,Feminino,19,False,True,True,False,Amarela,Urbana,Reprovado,9° EF,False,87.9,8.1,N1,366.2,True,False,False,False,False,Alto,Regular,Baixa,False,Alta,True,2.6,False,Alto,Regular,Completa,Baixa,Regular,0.32723886913831046,False
22,True,Masculino,17,False,True,True,False,Parda,Urbana,Reprovado,1° EM,False,77.2,6.6,N2,705.14,False,False,False,False,False,Médio,Bom,Baixa,True,Alta,False,1.7,False,Moderado,Boa,Completa,Média,Boa,0.2884713052310818,True
23,False,Masculino,15,False,True,True,False,Parda,Urbana,Aprovado,3° EM,False,79.2,6.3,N7,1031.89,False,False,False,False,False,Médio,Regular,Média,False,Alta,False,1.9,False,Alto,Boa,Insuficiente,Alta,Regular,0.2935500253936008,True
24,False,Feminino,19,False,True,True,False,Amarela,Urbana,Evadido,2° EM,False,81.9,6.0,N1,488.35,False,False,False,False,False,Baixo,Regular,Alta,True,Baixa,False,3.5,True,Alto,Ruim,Completa,Alta,Ruim,0.2950736414423565,False
25,False,Feminino,13,False,True,True,False,Branca,Rural,Aprovado,4° EF,False,70.4,6.2,N7,859.05,False,False,False,False,False,Alto,Bom,Baixa,False,Média,False,1.7,True,Baixo,Regular,Completa,Alta,Boa,0.3433214829862874,False
26,False,Feminino,13,True,True,True,False,Parda,Urbana,Aprovado,1° EM,False,91.0,3.4,N5,232.64,False,False,False,False,False,Baixo,Bom,Média,True,Baixa,False,2.6,False,Baixo,Boa,Completa,Média,Ruim,0.38090401218892833,False
27,False,Outro,19,False,True,True,False,Parda,Urbana,Evadido,7° EF,False,74.9,7.0,N1,623.71,False,True,False,True,False,Baixo,Bom,Alta,False,Alta,False,0.5,False,Baixo,Boa,Completa,Média,Ruim,0.6184188251227357,True
28,False,Feminino,14,False,True,False,False,Amarela,Urbana,Reprovado,5° EF,False,75.7,4.8,N1,362.34,False,False,False,False,False,Baixo,Ruim,Alta,False,Baixa,False,2.5,False,Baixo,Ruim,Completa,Baixa,Regular,0.38750634840020315,True
29,False,Masculino,14,False,True,True,False,Amarela,Urbana,Aprovado,9° EF,False,88.0,5.7,N2,647.58,False,False,False,False,False,Médio,Ruim,Baixa,True,Baixa,False,0.3,True,Moderado,Boa,Completa,Média,Ruim,0.2793296089385475,False
30,False,Feminino,12,False,True,True,False,Branca,Urbana,Aprovado,2° EM,False,96.9,6.4,N6,773.92,False,False,False,False,False,Médio,Regular,Baixa,False,Baixa,False,3.7,False,Baixo,Regular,Parcial,Alta,Ruim,0.19857795835449465,False
31,True,Outro,14,False,True,False,False,Branca,Urbana,Evadido,6° EF,False,91.2,5.1,N3,506.63,False,False,False,False,False,Alto,Bom,Alta,False,Alta,False,1.8,False,Moderado,Boa,Completa,Média,Ruim,0.2935500253936008,False
32,False,Masculino,19,False,True,False,False,Branca,Rural,Aprovado,3° EM,False,85.7,5.9,N2,421.98,False,False,False,False,False,Baixo,Ruim,Média,True,Alta,False,3.2,True,Moderado,Boa,Completa,Alta,Ruim,0.28085322498730314,False
33,False,Feminino,21,False,True,True,False,Preta,Urbana,Reprovado,2° EM,False,89.4,8.3,N1,1390.88,False,False,False,False,False,Alto,Regular,Baixa,False,Média,False,1.8,False,Alto,Regular,Parcial,Alta,Regular,0.14017267648552556,False
34,False,Feminino,10,True,True,False,True,Branca,Urbana,Aprovado,3° EM,False,93.1,6.3,N3,673.95,False,False,False,False,False,Baixo,Regular,Alta,True,Média,False,0.6,False,Moderado,Boa,Completa,Alta,Regular,0.2229558151345861,False
35,False,Masculino,12,False,True,True,False,Parda,Urbana,Aprovado,3° EM,False,56.9,5.4,N2,652.18,False,False,False,False,False,Alto,Regular,Média,False,Média,False,2.7,False,Moderado,Boa,Completa,Baixa,Ruim,0.4525139664804469,False
36,False,Feminino,15,False,True,False,False,Parda,Urbana,Aprovado,1° EM,False,97.4,4.7,N1,396.11,False,False,False,False,False,Médio,Bom,Baixa,False,Alta,False,2.6,False,Alto,Regular,Insuficiente,Média,Regular,0.28237684103605887,False
37,False,Masculino,22,False,True,True,False,Parda,Urbana,Evadido,2° EM,False,83.3,7.7,N6,435.1,False,False,False,False,False,Baixo,Bom,Baixa,False,Alta,False,2.0,False,Moderado,Regular,Parcial,Média,Boa,0.2016251904520061,False
38,False,Outro,11,False,True,True,False,Parda,Urbana,Aprovado,2° EM,False,51.0,7.3,N6,835.2,False,False,False,False,False,Médio,Ruim,Baixa,False,Baixa,False,0.9,False,Moderado,Regular,Parcial,Média,Boa,0.3859827323514474,True
39,False,Feminino,18,False,True,True,False,Branca,Urbana,Aprovado,2° EM,False,95.9,6.9,N2,268.54,False,True,False,False,False,Alto,Bom,Alta,False,Média,False,2.8,False,Moderado,Regular,Completa,Alta,Regular,0.17826307770441843,False
40,False,Masculino,22,False,True,True,False,Parda,Urbana,Aprovado,9° EF,False,61.2,7.7,N7,683.68,False,False,False,False,False,Alto,Ruim,Alta,False,Baixa,False,1.2,False,Alto,Regular,Completa,Baixa,Boa,0.3138649060436769,False
41,False,Feminino,12,False,True,True,False,Branca,Urbana,Aprovado,7° EF,False,77.0,8.7,N4,230.27,False,False,False,False,False,Alto,Ruim,Alta,True,Alta,False,5.0,True,Moderado,Regular,Parcial,Média,Regular,0.18283392585068564,False
42,False,Feminino,11,True,True,True,False,Parda,Urbana,Evadido,9° EF,False,61.2,4.2,N3,607.39,False,True,False,False,False,Médio,Regular,Alta,False,Alta,False,1.2,False,Moderado,Regular,Parcial,Alta,Ruim,0.49162011173184356,False
43,False,Masculino,15,False,True,True,False,Preta,Urbana,Aprovado,2° EM,False,56.9,6.6,N1,494.53,False,False,False,False,False,Alto,Bom,Alta,True,Alta,False,2.6,False,Moderado,Regular,Completa,Média,Ruim,0.39156932453021837,False
44,False,Feminino,21,False,True,False,False,Parda,Urbana,Aprovado,2° EM,False,87.7,7.1,N3,1021.91,True,False,False,False,False,Baixo,Bom,Alta,False,Alta,False,1.5,False,Moderado,Regular,Completa,Baixa,Ruim,0.37904181479600474,False
45,False,Feminino,12,False,True,True,False,Branca,Urbana,Aprovado,3° EM,False,63.7,7.7,N3,863.9,False,False,False,False,False,Alto,Bom,Baixa,False,Alta,False,3.0,False,Moderado,Ruim,Completa,Baixa,Boa,0.3011681056373794,True
46,False,Masculino,20,False,True,False,False,Parda,Urbana,Reprovado,2° EM,False,84.7,6.7,N5,319.41,False,False,False,False,False,Médio,Bom,Alta,False,Alta,False,1.2,False,Alto,Ruim,Completa,Baixa,Regular,0.24530218384966984,False
47,False,Masculino,14,False,True,True,False,Branca,Urbana,Reprovado,2° EM,False,61.3,7.7,N7,1489.86,False,False,False,False,False,Médio,Regular,Alta,False,Média,False,1.8,False,Alto,Boa,Parcial,Alta,Boa,0.31335703402742504,False
48,False,Masculino,17,False,True,True,False,Preta,Urbana,Aprovado,2° EM,False,84.6,8.3,N7,617.59,False,False,False,False,False,Alto,Ruim,Baixa,False,Alta,True,2.1,True,Alto,Regular,Parcial,Alta,Boa,0.16455053326561703,False
49,False,Feminino,14,True,True,True,False,Preta,Urbana,Evadido,2° EM,False,89.6,6.3,N3,1695.33,False,True,False,False,False,Alto,Bom,Baixa,False,Baixa,False,1.1,False,Moderado,Boa,Completa,Baixa,Regular,0.24073133570340277,False
50,False,Masculino,10,False,False,True,False,Parda,Urbana,Aprovado,1° EM,False,84.7,9.0,N7,371.86,False,True,False,False,False,Alto,Ruim,Média,False,Média,False,2.0,False,Moderado,Boa,Completa,Alta,Regular,0.12849162011173185,False
51,False,Masculino,10,True,True,False,False,Parda,Urbana,Aprovado,1° EM,True,87.5,6.4,N4,1053.57,False,False,False,False,False,Baixo,Ruim,Média,False,Alta,False,0.3,False,Baixo,Regular,Completa,Média,Boa,0.41560859996614186,False
52,False,Masculino,15,True,True,False,False,Parda,Urbana,Evadido,1° EM,False,70.5,4.0,N6,609.23,False,False,False,False,False,Alto,Ruim,Média,True,Alta,False,2.6,True,Moderado,Boa,Completa,Baixa,Regular,0.4545454545454545,True
53,False,Masculino,20,False,True,True,False,Parda,Urbana,Aprovado,1° EM,False,85.1,6.4,N6,824.35,False,False,True,False,False,Alto,Ruim,Alta,False,Alta,False,2.5,False,Alto,Regular,Completa,Média,Ruim,0.2585068562722194,False
54,False,Masculino,19,True,False,True,False,Parda,Urbana,Aprovado,1° EM,False,89.0,3.1,N4,400.17,False,False,False,False,False,Alto,Bom,Média,False,Alta,False,2.6,False,Baixo,Ruim,Parcial,Alta,Boa,0.40629761300152367,False
55,False,Feminino,20,False,True,True,False,Branca,Urbana,Aprovado,3° EM,False,96.1,2.7,N5,439.84,False,False,False,False,False,Baixo,Regular,Média,False,Alta,False,1.2,False,Moderado,Regular,Completa,Alta,Regular,0.3905535804977146,False
56,False,Feminino,22,False,True,False,True,Branca,Rural,Aprovado,7° EF,False,54.8,5.2,N6,331.19,False,False,False,False,False,Alto,Ruim,Alta,False,Média,True,2.0,True,Moderado,Regular,Parcial,Alta,Boa,0.47333671914677494,False
57,False,Masculino,16,True,True,False,False,Preta,Urbana,Reprovado,2° EM,False,82.7,5.6,N4,1602.95,False,False,False,False,False,Médio,Ruim,Alta,False,Alta,False,1.2,False,Alto,Regular,Completa,Alta,Ruim,0.31132554596241746,False
58,False,Feminino,21,False,True,True,False,Branca,Urbana,Em andamento,9° EF,False,56.2,6.2,N3,539.19,False,False,False,False,False,Baixo,Ruim,Alta,False,Baixa,True,3.0,False,Moderado,Boa,Completa,Baixa,Boa,0.41543930929405787,False
59,True,Feminino,19,False,False,True,False,Branca,Urbana,Aprovado,5° EF,False,98.6,5.4,N7,334.87,True,False,False,False,False,Médio,Bom,Alta,False,Média,False,3.2,True,Moderado,Boa,Parcial,Média,Ruim,0.4100220077873709,False
60,False,Outro,17,True,True,True,False,Parda,Urbana,Aprovado,1° EM,False,66.5,6.7,N7,868.44,False,False,False,False,False,Baixo,Bom,Baixa,False,Média,False,2.5,False,Moderado,Ruim,Completa,Alta,Ruim,0.3377348908075165,False
61,False,Masculino,22,False,True,True,False,Preta,Urbana,Aprovado,9° EF,False,71.3,6.1,N7,709.92,False,False,False,False,False,Baixo,Ruim,Baixa,False,Média,False,2.3,False,Alto,Boa,Completa,Alta,Ruim,0.34382935500253936,False
62,False,Feminino,21,False,True,True,False,Branca,Urbana,Aprovado,1° EM,False,90.3,5.0,N6,757.49,False,False,False,False,False,Alto,Bom,Média,False,Média,False,2.4,False,Moderado,Boa,Parcial,Baixa,Boa,0.303199593702387,False
63,True,Feminino,14,False,True,True,False,Preta,Rural,Aprovado,1° EM,False,89.4,7.6,N7,528.71,False,True,False,False,False,Médio,Ruim,Alta,False,Alta,False,2.9,False,Baixo,Regular,Parcial,Média,Boa,0.17572371762315894,False
64,False,Masculino,22,False,True,True,False,Parda,Urbana,Aprovado,1° EM,False,67.7,7.0,N3,667.29,False,True,False,False,False,Alto,Bom,Média,True,Alta,False,2.5,False,Alto,Boa,Insuficiente,Média,Boa,0.3164042661249365,False
65,False,Feminino,16,False,False,False,False,Branca,Urbana,Aprovado,2° EM,False,70.3,9.7,N1,1472.39,False,False,False,False,False,Alto,Bom,Média,False,Média,False,2.7,True,Moderado,Boa,Insuficiente,Alta,Boa,0.16607414931437284,False
66,False,Feminino,17,True,True,True,False,Parda,Rural,Aprovado,1° EM,True,92.1,8.9,N5,655.68,False,False,False,False,False,Médio,Bom,Alta,False,Baixa,False,2.5,False,Alto,Ruim,Completa,Média,Regular,0.2652784831555781,False
67,True,Feminino,20,False,True,False,True,Parda,Urbana,Aprovado,2° EF,False,87.5,6.4,N6,691.33,False,False,False,False,False,Alto,Regular,Baixa,False,Alta,True,1.3,False,Alto,Ruim,Completa,Média,Ruim,0.2463179278821737,True
68,False,Feminino,11,False,True,False,False,Parda,Urbana,Aprovado,8° EF,False,55.4,6.6,N5,267.07,False,False,False,False,False,Médio,Bom,Média,False,Baixa,False,0.9,False,Moderado,Boa,Completa,Média,Boa,0.39918740477399695,False
69,False,Feminino,20,True,True,True,False,Branca,Urbana,Aprovado,2° EM,False,73.2,5.2,N2,488.5,False,False,False,False,False,Alto,Bom,Alta,False,Alta,False,1.9,False,Moderado,Boa,Parcial,Alta,Regular,0.37988826815642457,True
70,False,Feminino,19,True,True,True,True,Branca,Urbana,Aprovado,1° EM,False,86.5,8.2,N4,480.44,True,False,False,False,False,Alto,Bom,Média,True,Alta,False,3.1,False,Moderado,Boa,Completa,Baixa,Boa,0.32927035720331815,False
71,False,Feminino,19,True,True,False,False,Branca,Urbana,Reprovado,1° EM,False,90.9,5.0,N1,673.17,True,False,False,False,True,Alto,Ruim,Alta,True,Alta,False,2.5,True,Baixo,Boa,Completa,Média,Ruim,0.4694430336888437,True
72,False,Masculino,22,False,False,False,False,Branca,Urbana,Aprovado,3° EM,False,73.2,6.7,N1,687.59,False,False,False,False,False,Baixo,Ruim,Média,False,Alta,False,2.3,False,Alto,Ruim,Insuficiente,Alta,Regular,0.3037074657186389,True
73,False,Feminino,22,False,True,True,False,Parda,Rural,Aprovado,3° EM,False,79.3,6.4,N3,963.65,False,False,False,False,True,Alto,Bom,Média,True,Alta,False,1.7,False,Moderado,Ruim,Completa,Média,Boa,0.28796343321482987,False
74,False,Masculino,15,True,True,True,False,Branca,Urbana,Aprovado,7° EF,False,89.4,4.9,N7,468.71,False,False,False,False,False,Alto,Regular,Alta,False,Média,False,2.2,False,Baixo,Boa,Insuficiente,Média,Boa,0.31284916201117313,False
75,False,Feminino,14,False,True,True,False,Preta,Urbana,Aprovado,8° EF,False,51.9,8.3,N6,1381.97,False,False,False,False,False,Médio,Regular,Alta,False,Alta,False,2.6,False,Moderado,Regular,Completa,Baixa,Boa,0.3306246825799898,False
76,False,Outro,21,True,True,True,False,Parda,Urbana,Evadido,8° EF,False,93.8,8.8,N2,256.41,False,False,False,False,False,Alto,Regular,Alta,True,Baixa,False,1.8,False,Alto,Ruim,Completa,Alta,Boa,0.0924327069578466,False
77,False,Masculino,21,False,True,False,False,Preta,Urbana,Evadido,2° EM,False,65.4,8.5,N2,434.03,False,False,False,False,False,Alto,Bom,Baixa,False,Alta,False,1.4,False,Alto,Regular,Completa,Alta,Boa,0.2519045200609446,False
78,False,Masculino,15,False,True,True,False,Amarela,Urbana,Aprovado,2° EM,False,90.2,6.6,N1,362.85,True,False,False,False,False,Médio,Regular,Baixa,True,Alta,True,1.3,False,Alto,Boa,Parcial,Baixa,Boa,0.39173861520230235,False
79,False,Feminino,19,False,True,False,False,Parda,Urbana,Aprovado,9° EF,False,98.8,6.3,N7,2229.31,False,True,False,False,False,Alto,Bom,Baixa,True,Média,False,2.0,False,Alto,Regular,Insuficiente,Média,Boa,0.19400711020822753,False
80,True,Feminino,17,False,True,True,False,Branca,Urbana,Reprovado,2° EM,False,99.9,8.2,N1,1409.41,False,False,False,False,False,Médio,Ruim,Média,True,Alta,False,2.7,False,Moderado,Regular,Completa,Baixa,Ruim,0.09192483494159472,False
81,True,Feminino,12,False,True,False,False,Preta,Urbana,Aprovado,1° EM,False,65.5,4.7,N6,329.17,False,False,False,False,False,Alto,Bom,Alta,True,Média,False,1.4,False,Moderado,Boa,Insuficiente,Alta,Boa,0.44438801422041646,False
82,False,Feminino,20,False,True,True,False,Preta,Urbana,Aprovado,2° EM,False,91.3,2.8,N6,545.41,False,False,False,False,False,Alto,Regular,Baixa,True,Alta,False,2.4,True,Alto,Boa,Parcial,Baixa,Boa,0.409852717115287,False
83,False,Feminino,16,False,True,True,False,Amarela,Urbana,Evadido,1° EM,False,97.5,4.4,N1,710.76,False,False,False,False,False,Médio,Bom,Baixa,False,Média,False,3.2,True,Baixo,Boa,Parcial,Média,Boa,0.2971051295073641,True
84,False,Feminino,13,False,True,True,False,Parda,Urbana,Aprovado,1° EM,False,59.2,8.0,N4,549.09,False,False,False,True,False,Baixo,Bom,Alta,False,Baixa,False,0.1,False,Baixo,Regular,Parcial,Média,Regular,0.6473675300490942,False
85,False,Masculino,18,False,True,True,False,Branca,Urbana,Aprovado,2° EM,False,92.6,7.2,N3,1267.52,False,False,False,False,False,Médio,Regular,Média,False,Alta,True,3.2,False,Alto,Ruim,Completa,Alta,Ruim,0.17978669375317421,False
86,False,Feminino,15,False,True,True,True,Parda,Urbana,Aprovado,1° EM,False,99.4,7.1,N4,620.7,False,True,False,False,False,Médio,Bom,Alta,False,Alta,False,3.2,False,Baixo,Boa,Completa,Baixa,Boa,0.1503301168105637,True
87,False,Outro,20,False,True,False,False,Parda,Rural,Aprovado,8° EF,False,69.2,8.7,N1,651.75,False,False,False,False,False,Baixo,Bom,Média,True,Média,False,2.0,False,Baixo,Regular,Parcial,Média,Ruim,0.2224479431183342,False
88,False,Masculino,10,False,True,True,False,Branca,Urbana,Aprovado,2° EM,False,69.3,4.9,N5,1001.52,False,False,False,False,False,Alto,Bom,Baixa,False,Média,False,2.5,False,Baixo,Boa,Parcial,Média,Boa,0.414931437277806,False
89,False,Masculino,18,True,True,True,False,Branca,Rural,Reprovado,7° EF,False,65.0,7.9,N6,674.07,False,False,False,False,False,Baixo,Bom,Média,True,Baixa,False,2.9,True,Moderado,Regular,Completa,Alta,Boa,0.2844083291010665,True
90,False,Feminino,21,True,True,True,False,Branca,Rural,Reprovado,1° EM,False,75.4,10.3,N1,255.48,False,True,True,False,False,Médio,Ruim,Média,True,Baixa,False,3.8,False,Alto,Regular,Completa,Baixa,Boa,0.1097003555104113,False
91,False,Masculino,11,True,True,False,False,Amarela,Rural,Aprovado,2° EM,False,80.3,4.4,N3,1270.95,True,False,False,True,False,Médio,Regular,Alta,True,Baixa,False,2.9,False,Baixo,Regular,Completa,Média,Boa,0.8923311325545963,True
92,False,Masculino,19,False,True,False,False,Parda,Urbana,Evadido,2° EM,False,73.1,6.7,N1,822.26,False,False,False,True,False,Alto,Bom,Alta,False,Alta,False,1.6,False,Alto,Boa,Completa,Média,Regular,0.6427966819028272,True
93,False,Masculino,12,False,True,True,False,Branca,Urbana,Evadido,1° EM,False,71.9,6.8,N1,600.25,False,True,False,False,False,Médio,Bom,Baixa,False,Alta,False,2.6,False,Moderado,Boa,Completa,Alta,Regular,0.30523108176739455,False
94,False,Feminino,11,False,True,True,False,Amarela,Rural,Reprovado,1° EM,False,72.8,9.8,N2,525.06,False,False,False,False,False,Médio,Regular,Baixa,False,Média,False,3.6,False,Baixo,Boa,Completa,Alta,Regular,0.1482986287455561,False
95,False,Masculino,17,False,True,True,False,Branca,Urbana,Aprovado,6° EF,False,53.1,6.7,N6,486.63,False,False,False,False,False,Baixo,Regular,Alta,False,Média,False,0.2,False,Baixo,Boa,Completa,Baixa,Boa,0.40578974098527165,True
96,False,Feminino,11,False,True,True,False,Parda,Urbana,Aprovado,1° EM,False,56.2,9.2,N5,1697.82,True,False,False,False,False,Alto,Regular,Alta,False,Baixa,False,2.9,False,Alto,Regular,Completa,Alta,Regular,0.43236837650245474,True
97,False,Feminino,11,False,True,True,False,Indígena,Urbana,Reprovado,6° EF,False,50.8,5.9,N1,1494.19,False,False,False,False,False,Alto,Ruim,Alta,True,Alta,False,2.5,True,Moderado,Boa,Completa,Média,Boa,0.4581005586592179,False
98,False,Masculino,13,False,True,True,True,Branca,Urbana,Aprovado,7° EF,False,97.7,6.3,N5,1037.15,False,False,False,False,False,Médio,Bom,Alta,False,Alta,False,0.9,False,Moderado,Boa,Completa,Média,Regular,0.19959370238699847,False
99,False,Outro,10,False,True,True,False,Indígena,Urbana,Em andamento,8° EF,False,99.9,5.8,N1,473.78,False,False,False,False,False,Médio,Bom,Baixa,True,Baixa,False,2.8,False,Moderado,Boa,Parcial,Média,Boa,0.2138141188420518,False
100,True,Feminino,16,True,True,True,False,Branca,Urbana,Aprovado,6° EF,False,71.9,7.8,N1,571.08,False,True,False,False,False,Alto,Bom,Média,False,Alta,False,2.9,False,Moderado,Ruim,Completa,Alta,Regular,0.25444388014220415,False
101,False,Feminino,13,False,True,True,False,Parda,Urbana,Aprovado,1° EF,False,62.0,6.7,N3,647.5,False,True,False,False,False,Baixo,Regular,Média,False,Alta,False,2.6,False,Moderado,Boa,Insuficiente,Média,Boa,0.36058913153885214,False
102,False,Masculino,21,False,True,False,False,Parda,Urbana,Aprovado,3° EM,False,97.4,5.4,N7,1015.03,True,False,True,False,False,Médio,Regular,Alta,True,Alta,False,2.9,False,Moderado,Regular,Parcial,Alta,Regular,0.4161164719823937,False
103,False,Masculino,16,True,True,True,False,Parda,Urbana,Evadido,2° EM,False,90.9,5.9,N4,847.48,True,False,False,False,False,Baixo,Bom,Alta,False,Baixa,False,2.2,False,Alto,Boa,Parcial,Média,Regular,0.4237345522261723,False
104,False,Masculino,11,True,True,False,False,Não declarada,Urbana,Aprovado,9° EF,False,64.7,4.1,N4,435.42,True,False,True,False,False,Baixo,Ruim,Alta,False,Baixa,False,2.7,False,Alto,Boa,Completa,Alta,Boa,0.6482139834095142,True
105,True,Masculino,22,False,True,False,False,Branca,Urbana,Aprovado,8° EF,False,99.5,8.6,N4,218.74,False,True,False,False,False,Médio,Bom,Baixa,True,Alta,False,2.8,False,Alto,Boa,Completa,Média,Boa,0.07364144235652617,True
106,False,Masculino,21,False,True,False,True,Parda,Urbana,Aprovado,7° EF,False,73.6,7.8,N6,199.33,False,False,False,False,False,Alto,Bom,Baixa,False,Média,False,1.4,False,Alto,Boa,Parcial,Alta,Regular,0.24581005586592183,False
107,False,Feminino,17,False,True,True,False,Parda,Urbana,Aprovado,1° EM,False,61.1,6.6,N3,912.77,False,False,True,False,False,Alto,Bom,Alta,False,Alta,False,1.4,False,Moderado,Boa,Parcial,Média,Ruim,0.3702386998476384,False
108,False,Feminino,11,False,True,False,False,Parda,Urbana,Aprovado,2° EM,False,87.8,5.1,N5,629.94,False,False,False,False,False,Baixo,Ruim,Média,False,Alta,False,0.2,True,Alto,Boa,Completa,Alta,Regular,0.3108176739461656,True
109,False,Masculino,22,False,False,True,False,Parda,Urbana,Aprovado,2° EM,False,72.6,7.6,N6,920.99,False,False,True,False,False,Médio,Ruim,Alta,True,Média,False,2.3,False,Alto,Regular,Parcial,Média,Ruim,0.26104621635347897,False
110,False,Feminino,14,False,True,True,False,Parda,Urbana,Evadido,1° EM,True,60.1,4.6,N6,486.49,False,False,False,False,False,Alto,Bom,Alta,False,Média,True,2.8,False,Moderado,Regular,Parcial,Alta,Boa,0.6461824953445066,True
111,False,Feminino,16,False,True,True,False,Parda,Urbana,Reprovado,2° EM,False,57.5,1.7,N4,363.06,False,False,False,False,False,Alto,Ruim,Média,False,Baixa,False,2.6,False,Moderado,Boa,Completa,Baixa,Ruim,0.6373793803961402,True
112,False,Masculino,18,True,True,True,False,Branca,Urbana,Aprovado,9° EF,False,82.3,5.4,N2,593.02,False,False,False,False,False,Médio,Bom,Baixa,False,Média,False,2.2,False,Moderado,Boa,Completa,Média,Regular,0.32351447435246317,False
113,False,Masculino,13,False,True,True,False,Parda,Urbana,Aprovado,8° EF,False,82.3,8.1,N3,958.89,False,False,False,False,False,Médio,Ruim,Média,True,Baixa,False,2.7,False,Moderado,Ruim,Parcial,Baixa,Regular,0.18638902996444898,False
114,False,Outro,21,False,False,True,False,Parda,Urbana,Aprovado,9° EF,False,57.9,5.1,N4,713.3,True,False,True,False,False,Médio,Bom,Média,True,Baixa,False,2.9,False,Moderado,Boa,Parcial,Baixa,Boa,0.6319620788894531,False
115,False,Masculino,13,False,True,False,False,Branca,Urbana,Aprovado,2° EM,False,76.5,6.0,N4,1210.03,False,False,False,False,False,Médio,Ruim,Alta,False,Alta,False,2.7,False,Baixo,Regular,Completa,Média,Ruim,0.32249873031995935,False
116,False,Masculino,14,True,False,True,False,Parda,Rural,Aprovado,1° EM,True,61.4,4.1,N7,850.41,False,False,False,False,False,Baixo,Ruim,Alta,True,Alta,False,1.6,False,Alto,Boa,Insuficiente,Baixa,Boa,0.6649737599458271,True
117,False,Feminino,13,False,True,False,False,Parda,Urbana,Aprovado,7° EF,False,84.0,5.2,N1,1109.24,False,False,True,False,False,Médio,Ruim,Média,False,Alta,False,2.2,False,Alto,Regular,Completa,Alta,Regular,0.3250380904012189,False
118,False,Masculino,14,False,True,False,True,Parda,Rural,Reprovado,1° EM,False,95.4,8.2,N3,1582.53,False,False,False,True,False,Médio,Ruim,Média,False,Alta,False,2.9,False,Moderado,Boa,Parcial,Alta,Boa,0.45336041984086684,False
119,False,Masculino,10,False,True,False,False,Branca,Urbana,Em andamento,1° EM,False,74.3,6.9,N5,1501.27,False,False,True,False,False,Baixo,Bom,Média,False,Alta,False,1.5,False,Alto,Boa,Completa,Baixa,Ruim,0.2879634332148298,False
120,False,Masculino,21,True,True,True,False,Preta,Urbana,Aprovado,3° EM,False,99.3,6.1,N4,2236.53,False,False,False,False,False,Médio,Bom,Alta,False,Baixa,False,2.5,False,Alto,Regular,Parcial,Média,Boa,0.20162519045200608,False
121,False,Feminino,17,False,True,True,False,Branca,Urbana,Aprovado,3° EM,False,61.8,6.7,N3,595.63,False,False,False,False,False,Médio,Bom,Alta,False,Alta,False,2.4,False,Baixo,Boa,Parcial,Média,Boa,0.361604875571356,False
122,False,Masculino,21,True,True,True,False,Parda,Urbana,Aprovado,1° EM,False,92.0,10.0,N2,607.89,False,False,False,False,False,Alto,Regular,Baixa,False,Média,False,0.5,False,Moderado,Regular,Insuficiente,Alta,Regular,0.04062976130015236,False
123,False,Masculino,13,False,True,False,False,Parda,Urbana,Aprovado,3° EM,False,66.8,7.0,N2,1188.95,False,False,False,False,False,Alto,Bom,Baixa,False,Média,True,2.2,False,Moderado,Boa,Insuficiente,Alta,Boa,0.3209751142712036,True
124,False,Outro,19,False,True,False,False,Parda,Urbana,Em andamento,2° EM,False,56.8,4.6,N5,245.2,False,False,False,False,False,Alto,Regular,Alta,True,Alta,False,0.8,False,Baixo,Boa,Completa,Baixa,Ruim,0.49365159979685125,True
125,False,Masculino,16,False,True,True,False,Parda,Urbana,Aprovado,1° EM,False,65.3,8.7,N4,505.06,False,False,False,False,False,Médio,Bom,Alta,True,Média,False,1.1,False,Alto,Regular,Completa,Alta,Regular,0.2422549517521585,True
126,False,Feminino,20,False,True,True,False,Parda,Urbana,Aprovado,2° EM,False,73.7,5.5,N7,868.42,True,False,False,False,False,Alto,Bom,Baixa,False,Média,False,0.7,False,Moderado,Boa,Completa,Alta,Ruim,0.531403419671576,True
127,False,Feminino,18,True,True,False,False,Branca,Rural,Aprovado,9° EF,False,75.1,8.2,N1,536.98,False,False,False,False,False,Baixo,Ruim,Baixa,False,Alta,False,2.1,False,Alto,Boa,Completa,Média,Regular,0.2178770949720671,False
128,False,Feminino,11,True,True,True,False,Parda,Urbana,Aprovado,9° EF,False,96.0,7.2,N2,937.47,False,False,False,False,False,Médio,Bom,Alta,False,Alta,False,2.0,False,Baixo,Regular,Completa,Alta,Boa,0.16251904520060942,False
129,False,Feminino,17,False,True,True,False,Amarela,Urbana,Aprovado,1° EM,True,78.1,4.4,N3,569.17,False,False,False,False,False,Médio,Bom,Alta,True,Média,False,2.4,False,Moderado,Regular,Parcial,Alta,Ruim,0.5649229727442018,True
130,True,Feminino,13,False,True,True,False,Parda,Urbana,Reprovado,4° EF,False,79.2,5.6,N6,776.68,False,False,False,False,False,Médio,Bom,Alta,False,Média,False,1.1,False,Moderado,Regular,Completa,Alta,Ruim,0.3291010665312341,False
131,False,Feminino,15,False,True,True,False,Parda,Urbana,Aprovado,8° EF,False,73.0,8.4,N5,515.34,False,False,False,False,False,Baixo,Bom,Alta,False,Alta,False,2.1,False,Moderado,Regular,Parcial,Média,Regular,0.21838496698831894,True
132,False,Feminino,13,False,True,True,False,Não declarada,Urbana,Reprovado,1° EM,True,67.8,6.7,N5,1106.7,False,True,False,False,False,Médio,Bom,Alta,False,Alta,False,1.8,True,Baixo,Ruim,Completa,Alta,Boa,0.5004232266802099,True
133,False,Masculino,21,True,True,True,False,Parda,Rural,Aprovado,3° EM,False,61.5,5.6,N6,480.88,False,False,True,False,False,Alto,Bom,Média,True,Alta,False,3.1,False,Alto,Regular,Completa,Alta,Boa,0.41899441340782123,False
134,False,Feminino,10,True,True,True,False,Branca,Urbana,Reprovado,6° EF,False,59.1,6.3,N4,592.0,False,False,False,False,False,Baixo,Regular,Baixa,False,Alta,False,0.5,False,Moderado,Boa,Parcial,Alta,Regular,0.3956323006602336,False
135,True,Masculino,15,False,True,False,False,Preta,Urbana,Aprovado,6° EF,False,87.5,4.4,N2,747.19,False,False,False,False,False,Alto,Regular,Alta,False,Média,False,1.8,False,Alto,Ruim,Completa,Alta,Boa,0.3478923311325546,False
136,False,Masculino,12,False,True,True,False,Indígena,Urbana,Aprovado,1° EM,False,58.7,7.0,N5,1076.22,False,False,False,False,True,Médio,Bom,Média,True,Alta,False,1.6,False,Moderado,Regular,Completa,Média,Ruim,0.36211274758760786,True
137,False,Feminino,15,False,True,True,False,Indígena,Rural,Reprovado,2° EM,False,71.5,7.5,N2,1239.37,False,False,False,False,False,Alto,Regular,Alta,False,Média,False,1.8,False,Moderado,Boa,Completa,Alta,Ruim,0.2717115286947689,True
138,False,Feminino,13,False,True,True,False,Parda,Urbana,Aprovado,7° EF,False,99.5,8.1,N1,255.28,False,True,False,True,False,Baixo,Regular,Baixa,False,Alta,False,1.5,False,Baixo,Ruim,Completa,Alta,Boa,0.43761638733705777,True
139,False,Masculino,17,False,True,True,False,Branca,Rural,Aprovado,1° EM,False,89.4,5.0,N2,611.54,False,False,False,False,False,Médio,Bom,Média,False,Alta,False,1.8,True,Alto,Boa,Parcial,Alta,Boa,0.3077704418486541,False
140,False,Feminino,18,False,True,True,False,Parda,Urbana,Aprovado,3° EM,False,64.0,8.0,N3,859.72,False,False,False,False,False,Alto,Ruim,Baixa,False,Média,True,3.4,False,Baixo,Regular,Parcial,Média,Boa,0.2844083291010665,False
141,False,Feminino,21,True,True,False,False,Branca,Urbana,Aprovado,9° EF,False,89.7,4.4,N1,1531.26,False,False,False,False,False,Baixo,Bom,Alta,False,Baixa,False,2.3,False,Alto,Ruim,Completa,Alta,Boa,0.33671914677501263,True
142,False,Feminino,16,False,True,True,False,Branca,Urbana,Evadido,3° EM,False,97.2,6.3,N1,2316.33,False,False,False,False,False,Baixo,Bom,Média,True,Alta,False,2.2,False,Alto,Boa,Completa,Média,Boa,0.202133062468258,False
143,False,Masculino,13,True,True,False,False,Preta,Urbana,Aprovado,1° EM,False,66.3,8.8,N1,948.57,False,False,False,False,False,Alto,Bom,Alta,False,Baixa,False,0.8,False,Alto,Regular,Completa,Alta,Boa,0.23209751142712037,False
144,False,Masculino,17,True,True,False,False,Parda,Rural,Aprovado,4° EF,False,61.9,6.3,N5,520.02,False,False,False,False,False,Alto,Bom,Alta,False,Alta,False,2.8,False,Moderado,Ruim,Insuficiente,Média,Boa,0.3814118842051803,False
145,False,Feminino,17,False,True,True,False,Preta,Rural,Aprovado,2° EM,False,55.9,6.7,N4,306.06,False,False,False,False,False,Médio,Ruim,Alta,True,Média,True,2.6,False,Moderado,Ruim,Completa,Média,Boa,0.39156932453021837,True
146,False,Masculino,21,False,True,True,False,Branca,Rural,Reprovado,7° EF,False,99.2,4.3,N2,920.36,False,False,False,False,False,Alto,Bom,Alta,True,Alta,False,3.1,False,Moderado,Ruim,Completa,Alta,Ruim,0.2935500253936008,True
147,False,Feminino,12,False,True,True,False,Parda,Rural,Evadido,6° EF,False,89.0,6.6,N6,611.81,False,False,True,False,False,Alto,Bom,Alta,False,Alta,False,4.0,True,Moderado,Boa,Parcial,Baixa,Boa,0.22854240731335704,False
148,False,Feminino,19,False,False,True,False,Branca,Urbana,Aprovado,1° EM,False,72.6,7.7,N3,701.21,True,True,False,False,False,Baixo,Bom,Alta,False,Alta,False,0.8,False,Moderado,Boa,Completa,Baixa,Ruim,0.425258168274928,True
149,False,Feminino,20,True,True,True,False,Parda,Urbana,Em andamento,3° EM,False,98.0,7.4,N2,429.56,True,False,False,False,False,Alto,Ruim,Alta,False,Baixa,False,1.0,True,Alto,Regular,Parcial,Média,Ruim,0.31149483663450145,True
150,False,Feminino,15,True,True,False,False,Parda,Urbana,Evadido,7° EF,False,53.1,5.3,N6,1275.73,False,False,False,False,False,Baixo,Regular,Média,False,Média,False,1.7,False,Alto,Ruim,Completa,Alta,Boa,0.47689182326053836,True
151,True,Feminino,18,False,True,False,False,Parda,Urbana,Aprovado,9° EF,False,65.5,4.6,N3,296.28,False,False,False,False,False,Médio,Bom,Alta,True,Alta,False,0.6,False,Alto,Ruim,Completa,Média,Boa,0.4494667343829355,False
152,False,Feminino,11,True,True,True,False,Parda,Urbana,Aprovado,8° EF,False,61.2,5.2,N6,605.7,False,False,False,False,False,Alto,Bom,Alta,True,Baixa,True,2.4,True,Baixo,Regular,Parcial,Alta,Boa,0.44083291010665304,True
153,False,Feminino,11,False,True,True,False,Parda,Urbana,Em andamento,1° EM,False,70.9,6.4,N3,904.01,False,False,False,False,False,Alto,Ruim,Alta,False,Média,False,2.3,False,Baixo,Boa,Insuficiente,Baixa,Regular,0.3306246825799898,False
154,False,Masculino,13,False,True,True,False,Parda,Urbana,Aprovado,2° EM,False,73.8,8.0,N4,1187.09,False,False,False,False,False,Alto,Ruim,Alta,False,Alta,False,0.9,True,Alto,Boa,Completa,Alta,Regular,0.2346368715083799,False
155,False,Masculino,12,False,True,True,False,Parda,Urbana,Aprovado,2° EM,False,77.7,8.1,N6,548.54,False,False,False,True,False,Alto,Regular,Alta,False,Baixa,False,1.9,False,Moderado,Regular,Parcial,Alta,Boa,0.5483324868799729,True
156,False,Feminino,13,False,True,True,False,Parda,Urbana,Aprovado,2° EM,False,79.5,6.9,N3,462.68,False,False,False,False,False,Médio,Ruim,Alta,True,Alta,False,3.6,True,Moderado,Ruim,Completa,Alta,Boa,0.26155408836973076,True
157,False,Masculino,15,False,True,True,False,Parda,Urbana,Reprovado,6° EF,False,67.6,5.0,N1,367.1,False,False,False,False,False,Médio,Bom,Alta,True,Alta,False,0.9,False,Alto,Boa,Parcial,Alta,Regular,0.4184865413915694,False
158,False,Masculino,21,False,False,True,False,Parda,Urbana,Aprovado,6° EF,False,99.7,6.0,N7,390.62,False,False,False,False,False,Alto,Bom,Alta,False,Baixa,False,0.3,False,Alto,Ruim,Completa,Média,Boa,0.2046724225495175,False
159,True,Masculino,13,False,True,True,False,Preta,Urbana,Aprovado,9° EF,False,95.9,4.5,N3,1221.15,False,False,False,False,False,Médio,Bom,Média,True,Baixa,False,1.7,True,Baixo,Regular,Completa,Média,Boa,0.3001523616048756,False
160,True,Masculino,21,False,True,True,True,Parda,Urbana,Aprovado,8° EF,True,62.7,6.6,N7,494.1,False,False,False,False,False,Alto,Bom,Alta,False,Média,False,2.4,True,Moderado,Regular,Parcial,Baixa,Boa,0.5314034196715761,False
161,False,Feminino,20,False,True,False,False,Branca,Urbana,Aprovado,7° EF,False,69.1,5.0,N6,772.83,False,False,False,False,False,Alto,Ruim,Alta,False,Média,False,0.3,False,Moderado,Boa,Completa,Média,Boa,0.4108684611477908,True
162,False,Masculino,19,False,True,True,False,Parda,Urbana,Evadido,2° EM,False,81.4,6.7,N6,1522.9,False,False,True,False,False,Baixo,Bom,Alta,False,Alta,False,3.9,False,Baixo,Boa,Completa,Média,Regular,0.2620619603859827,False
163,False,Feminino,13,True,True,True,False,Branca,Urbana,Aprovado,8° EF,False,95.7,6.2,N3,759.81,False,False,False,False,False,Médio,Bom,Alta,False,Alta,False,1.8,False,Baixo,Boa,Completa,Alta,Regular,0.21482986287455558,True
164,False,Masculino,13,False,True,True,False,Branca,Urbana,Aprovado,1° EM,False,58.9,7.7,N2,812.77,False,False,False,True,False,Baixo,Regular,Alta,False,Média,False,0.5,False,Baixo,Boa,Completa,Alta,Boa,0.6641273065854071,False
165,False,Masculino,17,True,True,False,False,Não declarada,Urbana,Aprovado,2° EM,False,69.8,5.4,N6,492.87,False,False,False,False,False,Médio,Bom,Alta,False,Alta,False,0.1,False,Alto,Regular,Completa,Alta,Boa,0.38699847638395124,True
166,True,Masculino,15,True,True,True,False,Parda,Rural,Aprovado,2° EF,False,59.1,4.2,N2,702.85,False,False,False,False,False,Alto,Bom,Alta,True,Alta,False,3.0,False,Alto,Boa,Parcial,Baixa,Boa,0.5022854240731335,False
167,False,Feminino,20,False,True,False,False,Amarela,Urbana,Aprovado,2° EM,False,66.8,5.7,N7,634.81,True,False,False,False,False,Baixo,Ruim,Baixa,False,Alta,False,1.2,False,Alto,Ruim,Insuficiente,Alta,Boa,0.5562891484679194,True
168,False,Feminino,21,False,True,True,False,Parda,Rural,Aprovado,6° EF,False,97.9,5.5,N7,606.9,False,False,False,False,False,Baixo,Bom,Baixa,False,Média,False,0.5,False,Moderado,Boa,Parcial,Média,Boa,0.239207719654647,False
169,False,Masculino,10,False,True,True,False,Branca,Urbana,Evadido,3° EM,False,55.2,6.7,N7,830.91,False,False,False,False,False,Baixo,Bom,Alta,False,Média,False,3.2,False,Baixo,Boa,Parcial,Média,Regular,0.39512442864398173,True
170,False,Masculino,10,True,True,True,False,Parda,Rural,Aprovado,2° EM,True,52.5,7.0,N6,422.08,False,False,False,False,False,Médio,Regular,Alta,True,Alta,False,2.4,False,Baixo,Regular,Parcial,Média,Boa,0.5628914846791943,False
171,True,Masculino,13,True,True,False,True,Parda,Rural,Aprovado,5° EF,False,73.9,8.5,N2,1308.49,False,False,False,False,False,Baixo,Bom,Alta,True,Alta,False,1.4,False,Baixo,Ruim,Completa,Baixa,Boa,0.20873539867953272,False
172,False,Masculino,16,False,True,True,False,Parda,Urbana,Aprovado,8° EF,True,59.2,8.4,N5,316.66,False,False,False,False,False,Médio,Bom,Alta,False,Média,False,3.7,True,Moderado,Boa,Completa,Alta,Regular,0.4577619773150499,True
173,False,Masculino,10,False,True,True,False,Amarela,Urbana,Reprovado,1° EM,False,54.6,8.6,N2,701.79,False,False,False,False,True,Médio,Bom,Alta,True,Alta,False,3.3,False,Moderado,Boa,Parcial,Média,Regular,0.3016759776536313,True
174,False,Feminino,18,False,False,False,False,Branca,Urbana,Aprovado,3° EM,False,76.7,4.6,N7,516.95,False,False,False,False,False,Baixo,Regular,Alta,False,Alta,False,3.6,False,Baixo,Boa,Completa,Média,Regular,0.3925850685627222,False
175,False,Feminino,20,True,True,True,False,Branca,Rural,Em andamento,6° EF,False,98.7,7.9,N3,175.84,True,True,False,False,False,Baixo,Ruim,Alta,True,Alta,False,2.0,False,Alto,Ruim,Parcial,Baixa,Regular,0.28254613170814286,False
176,False,Feminino,10,False,True,True,False,Parda,Urbana,Reprovado,2° EM,False,66.5,3.4,N4,929.22,False,False,False,False,False,Médio,Bom,Baixa,True,Alta,False,2.3,False,Moderado,Boa,Completa,Alta,Regular,0.5053326561706449,False
177,False,Masculino,20,True,True,False,False,Preta,Rural,Aprovado,4° EF,False,55.2,7.2,N6,957.65,False,False,False,True,False,Baixo,Ruim,Média,False,Média,False,2.2,True,Alto,Boa,Completa,Alta,Ruim,0.7083121719993228,True
178,False,Feminino,19,True,True,True,False,Parda,Rural,Aprovado,2° EM,False,63.1,7.0,N7,468.24,False,False,False,False,False,Alto,Regular,Baixa,False,Alta,False,2.7,False,Alto,Ruim,Completa,Alta,Regular,0.3397663788725241,False
179,False,Feminino,13,False,False,False,False,Parda,Urbana,Aprovado,7° EF,False,89.8,8.4,N4,559.11,False,False,False,False,False,Alto,Ruim,Média,False,Alta,False,2.3,False,Moderado,Boa,Parcial,Média,Ruim,0.133062468257999,False
180,True,Feminino,20,True,True,True,False,Branca,Urbana,Em andamento,9° EF,False,71.5,5.4,N2,1051.23,True,False,False,False,False,Médio,Bom,Baixa,True,Alta,False,1.7,False,Moderado,Regular,Completa,Baixa,Regular,0.5476553241916371,False
181,False,Masculino,18,True,True,False,False,Branca,Rural,Aprovado,8° EF,False,68.4,6.4,N3,1200.27,False,False,True,False,False,Médio,Ruim,Baixa,False,Alta,False,2.0,True,Baixo,Ruim,Parcial,Alta,Boa,0.3433214829862874,False
182,True,Feminino,15,False,True,True,False,Parda,Urbana,Aprovado,1° EF,False,67.7,3.3,N6,1452.11,False,False,False,False,False,Alto,Bom,Alta,False,Baixa,False,2.0,False,Moderado,Ruim,Completa,Baixa,Boa,0.5043169121381412,True
183,False,Masculino,17,False,True,True,False,Branca,Urbana,Aprovado,1° EM,False,81.2,5.9,N6,827.86,False,False,False,False,False,Baixo,Regular,Média,False,Média,False,1.1,True,Alto,Regular,Parcial,Média,Regular,0.3037074657186389,False
184,True,Masculino,18,False,True,False,False,Parda,Urbana,Aprovado,2° EF,False,59.1,5.7,N6,702.0,False,False,False,False,False,Médio,Ruim,Alta,False,Alta,False,5.1,False,Alto,Boa,Completa,Alta,Ruim,0.42610462163534785,False
185,False,Feminino,16,False,True,False,False,Parda,Urbana,Aprovado,6° EF,False,91.9,5.6,N7,537.25,False,False,False,False,False,Alto,Bom,Alta,True,Média,False,3.8,False,Alto,Boa,Completa,Alta,Boa,0.2646013204672422,False
186,False,Feminino,10,False,True,True,False,Branca,Urbana,Reprovado,2° EM,False,95.0,5.9,N4,765.96,False,False,False,False,False,Alto,Ruim,Baixa,False,Alta,False,1.5,False,Alto,Regular,Completa,Alta,Boa,0.23362112747587604,False
187,False,Feminino,20,False,True,False,False,Preta,Urbana,Aprovado,5° EF,False,84.8,9.8,N7,1733.83,True,False,False,False,False,Baixo,Bom,Baixa,True,Alta,False,3.0,False,Moderado,Regular,Completa,Alta,Regular,0.2566446588792957,False
188,False,Feminino,15,True,True,True,False,Parda,Urbana,Evadido,2° EM,False,52.5,6.6,N1,500.47,False,False,False,False,False,Médio,Regular,Média,False,Alta,False,1.9,False,Moderado,Regular,Completa,Média,Boa,0.4139156932453022,False
189,False,Feminino,19,True,True,True,False,Branca,Urbana,Reprovado,3° EM,False,98.3,9.0,N4,802.12,False,False,False,False,False,Alto,Regular,Baixa,True,Média,False,1.0,True,Baixo,Ruim,Completa,Média,Ruim,0.059421025901472836,False
190,False,Masculino,13,False,True,False,True,Amarela,Urbana,Aprovado,9° EF,False,88.9,6.7,N6,939.29,False,False,False,False,False,Médio,Ruim,Alta,False,Baixa,True,0.2,True,Alto,Boa,Completa,Média,Boa,0.22397155916708986,False
191,False,Feminino,11,True,True,False,False,Branca,Urbana,Aprovado,1° EF,False,50.6,8.1,N2,351.43,False,False,False,False,False,Alto,Bom,Alta,False,Média,False,1.2,True,Moderado,Boa,Insuficiente,Média,Boa,0.34738445911630267,True
192,False,Feminino,13,False,True,True,False,Parda,Urbana,Evadido,6° EF,False,96.3,5.8,N3,995.55,False,False,False,False,False,Médio,Regular,Alta,True,Alta,False,2.5,False,Moderado,Regular,Insuficiente,Alta,Boa,0.23209751142712037,False
193,True,Feminino,15,False,True,True,False,Parda,Urbana,Aprovado,9° EF,False,80.1,6.5,N2,615.52,False,False,False,False,False,Alto,Bom,Média,False,Baixa,True,1.1,False,Moderado,Boa,Completa,Média,Ruim,0.2788217369222956,False
194,False,Feminino,12,False,True,False,False,Branca,Urbana,Aprovado,2° EM,False,87.2,7.5,N2,480.24,False,False,False,False,False,Alto,Bom,Baixa,False,Alta,False,1.4,False,Moderado,Boa,Parcial,Alta,Regular,0.1919756221432199,False
195,False,Masculino,16,True,True,True,False,Branca,Urbana,Aprovado,9° EF,False,70.1,5.6,N2,848.51,False,False,False,False,False,Alto,Bom,Alta,False,Alta,False,0.5,False,Moderado,Ruim,Completa,Alta,Boa,0.37531742001015744,False
196,False,Feminino,14,False,True,True,False,Branca,Urbana,Aprovado,2° EM,False,78.4,5.6,N2,916.61,False,False,False,False,False,Alto,Bom,Média,False,Média,False,1.7,True,Alto,Boa,Completa,Alta,Boa,0.3331640426612493,False
197,False,Masculino,20,False,True,False,False,Parda,Rural,Aprovado,1° EM,False,76.9,7.3,N4,800.31,False,False,False,False,False,Alto,Regular,Média,True,Alta,False,2.0,False,Alto,Boa,Completa,Alta,Boa,0.25444388014220415,True
198,False,Feminino,10,True,True,False,False,Parda,Rural,Evadido,3° EM,False,61.9,7.4,N3,1090.33,False,False,False,False,False,Alto,Regular,Média,False,Média,True,0.4,False,Alto,Regular,Completa,Alta,Boa,0.32554596241747075,False
199,False,Masculino,13,False,True,True,False,Não declarada,Urbana,Aprovado,6° EF,False,94.2,8.2,N7,1735.52,False,False,False,False,False,Médio,Bom,Média,False,Alta,False,2.0,True,Moderado,Boa,Parcial,Baixa,Boa,0.12087353986795328,False
200,False,Masculino,18,True,True,True,False,Parda,Urbana,Aprovado,9° EF,False,72.2,4.5,N3,237.57,False,True,False,False,False,Alto,Bom,Alta,False,Baixa,False,0.7,False,Baixo,Boa,Completa,Alta,Boa,0.42051802945657696,True
201,False,Masculino,18,True,True,False,False,Branca,Urbana,Aprovado,6° EF,False,96.5,2.9,N6,881.6,False,False,True,False,False,Alto,Regular,Alta,False,Alta,True,2.9,False,Moderado,Boa,Completa,Média,Regular,0.3783646521076689,True
202,False,Feminino,17,False,True,True,False,Branca,Urbana,Aprovado,9° EF,False,57.1,8.0,N2,1114.38,False,False,True,False,False,Alto,Ruim,Alta,True,Alta,False,1.3,False,Baixo,Regular,Completa,Alta,Regular,0.3194514982224479,False
203,True,Feminino,21,False,True,False,False,Parda,Urbana,Aprovado,2° EF,False,55.4,6.3,N2,452.27,False,False,False,False,False,Médio,Bom,Alta,True,Alta,False,1.3,False,Alto,Boa,Parcial,Média,Boa,0.4144235652615541,True
204,False,Masculino,22,False,True,True,False,Branca,Urbana,Aprovado,8° EF,False,71.9,5.3,N5,256.37,False,False,True,False,False,Médio,Regular,Alta,False,Baixa,True,1.3,False,Moderado,Boa,Parcial,Alta,Regular,0.3814118842051803,False
205,False,Feminino,15,False,True,False,False,Parda,Urbana,Aprovado,3° EM,False,61.1,7.2,N3,683.81,False,True,False,False,False,Médio,Ruim,Média,True,Baixa,False,2.5,False,Alto,Boa,Completa,Média,Boa,0.3397663788725241,True
206,True,Masculino,11,False,True,True,False,Preta,Urbana,Evadido,1° EF,False,81.6,7.2,N4,486.26,False,False,True,False,False,Baixo,Bom,Alta,True,Alta,False,1.3,False,Alto,Boa,Completa,Baixa,Regular,0.23565261554088368,False
207,False,Feminino,21,False,True,False,False,Parda,Urbana,Evadido,1° EM,False,67.3,5.1,N1,1150.66,False,False,False,False,False,Baixo,Bom,Alta,False,Alta,False,0.7,False,Moderado,Regular,Parcial,Alta,Regular,0.41493143727780607,False
208,False,Masculino,15,False,True,True,False,Não declarada,Urbana,Aprovado,3° EM,False,77.7,8.8,N1,380.98,False,False,False,False,False,Alto,Ruim,Média,False,Baixa,False,2.8,False,Alto,Boa,Completa,Média,Boa,0.1742001015744032,False
209,False,Feminino,14,True,True,False,True,Parda,Urbana,Aprovado,9° EF,False,81.7,8.3,N1,314.93,False,False,False,False,False,Alto,Ruim,Média,False,Alta,False,2.8,False,Moderado,Ruim,Insuficiente,Alta,Boa,0.17927882173692225,False
210,False,Masculino,11,False,True,True,False,Indígena,Urbana,Aprovado,8° EF,False,68.9,7.0,N3,430.61,False,False,False,True,False,Médio,Ruim,Média,True,Baixa,False,3.4,False,Alto,Boa,Completa,Média,Ruim,0.6488911460978499,True
211,False,Masculino,16,False,True,True,False,Preta,Rural,Aprovado,1° EM,False,86.4,6.0,N6,1593.63,False,False,False,False,False,Alto,Ruim,Baixa,True,Alta,False,1.9,False,Moderado,Boa,Completa,Alta,Regular,0.2722194007110208,False
212,False,Feminino,18,False,True,True,False,Branca,Urbana,Aprovado,7° EF,False,84.2,6.7,N3,556.28,False,False,False,False,False,Médio,Ruim,Alta,True,Alta,False,1.5,False,Baixo,Regular,Completa,Baixa,Boa,0.24784154393092936,False
213,False,Masculino,16,False,True,False,False,Não declarada,Urbana,Em andamento,1° EM,False,61.1,10.1,N6,1448.56,False,False,False,False,False,Médio,Bom,Média,False,Alta,False,2.0,True,Moderado,Boa,Completa,Média,Regular,0.19248349415947183,False
214,False,Outro,18,True,True,True,False,Branca,Rural,Aprovado,3° EM,False,88.8,6.6,N1,577.04,False,False,False,False,False,Médio,Bom,Alta,False,Média,False,1.6,False,Moderado,Ruim,Completa,Alta,Boa,0.22955815134586083,False
215,False,Feminino,13,False,True,True,False,Indígena,Urbana,Reprovado,7° EF,False,93.8,5.0,N5,302.19,False,False,False,False,False,Baixo,Bom,Alta,False,Baixa,False,1.2,False,Moderado,Ruim,Completa,Alta,Regular,0.2854240731335703,False
216,False,Masculino,14,False,True,False,False,Indígena,Urbana,Aprovado,8° EF,False,90.4,4.9,N4,1051.12,False,False,False,False,False,Baixo,Bom,Alta,False,Alta,False,1.8,False,Alto,Regular,Parcial,Baixa,Boa,0.3077704418486541,True
217,True,Feminino,11,False,True,True,False,Branca,Urbana,Evadido,3° EM,False,98.6,5.2,N5,3414.77,False,False,False,False,False,Baixo,Regular,Baixa,False,Alta,False,1.2,False,Alto,Boa,Parcial,Alta,Boa,0.25088877602844084,True
218,False,Feminino,18,False,True,True,False,Preta,Rural,Aprovado,9° EF,False,89.1,5.1,N5,630.42,False,False,False,False,False,Alto,Ruim,Alta,False,Alta,False,2.6,False,Baixo,Boa,Parcial,Média,Regular,0.30421533773489084,False
219,False,Masculino,22,False,True,True,False,Parda,Rural,Aprovado,3° EM,False,72.5,3.5,N2,773.51,True,False,True,False,False,Médio,Bom,Média,False,Baixa,False,3.5,False,Moderado,Boa,Completa,Alta,Ruim,0.6390722871169799,True
220,False,Masculino,19,False,True,True,False,Branca,Urbana,Aprovado,1° EM,False,67.3,6.1,N6,604.79,False,False,False,False,False,Baixo,Bom,Baixa,True,Média,False,1.7,False,Baixo,Boa,Insuficiente,Alta,Regular,0.36414423565261556,True
221,False,Masculino,21,False,True,True,False,Amarela,Rural,Aprovado,9° EF,False,63.8,4.9,N1,314.27,False,False,False,False,False,Médio,Bom,Baixa,False,Baixa,False,2.0,False,Moderado,Regular,Insuficiente,Baixa,Ruim,0.44286439817166073,True
222,False,Feminino,18,False,True,True,False,Parda,Rural,Aprovado,2° EM,False,89.6,7.9,N5,593.16,False,False,False,False,False,Baixo,Bom,Baixa,False,Média,False,0.6,False,Baixo,Boa,Completa,Média,Ruim,0.15947181310309802,False
223,False,Masculino,18,False,True,False,False,Amarela,Urbana,Aprovado,1° EM,False,73.4,6.6,N3,338.29,False,False,False,False,False,Alto,Regular,Alta,False,Alta,False,2.0,False,Moderado,Ruim,Parcial,Baixa,Boa,0.3077704418486541,False
224,False,Masculino,12,False,True,True,False,Parda,Rural,Evadido,9° EF,False,63.0,4.1,N7,1399.04,False,True,False,False,False,Alto,Regular,Alta,True,Alta,True,2.4,False,Alto,Ruim,Completa,Média,Ruim,0.4875571356018284,False
225,False,Masculino,13,False,True,True,False,Branca,Urbana,Aprovado,3° EM,False,86.2,8.2,N4,1238.2,False,False,False,False,False,Médio,Ruim,Média,False,Baixa,False,2.1,False,Moderado,Regular,Completa,Média,Regular,0.16150330116810566,False
226,False,Feminino,19,True,True,True,False,Parda,Urbana,Aprovado,1° EM,False,92.3,3.1,N1,617.52,True,False,False,False,False,Alto,Bom,Baixa,False,Média,False,1.5,False,Moderado,Regular,Completa,Média,Ruim,0.5588285085491791,False
227,True,Feminino,18,False,True,True,False,Parda,Urbana,Aprovado,3° EM,False,64.3,4.3,N5,1181.67,False,False,False,False,False,Baixo,Bom,Média,True,Média,False,1.5,True,Alto,Ruim,Completa,Média,Boa,0.4707973590655155,True
228,False,Masculino,22,True,True,False,False,Branca,Urbana,Aprovado,1° EM,False,92.5,8.1,N1,882.3,False,False,True,False,False,Alto,Regular,Alta,True,Alta,False,2.1,True,Moderado,Regular,Completa,Alta,Regular,0.13458608430675473,True
229,False,Feminino,14,False,True,False,False,Parda,Urbana,Aprovado,7° EF,False,71.9,7.0,N4,932.83,False,False,False,False,False,Alto,Bom,Baixa,False,Média,True,1.4,False,Moderado,Regular,Completa,Alta,Ruim,0.2950736414423564,True
230,False,Masculino,15,False,True,True,False,Parda,Urbana,Aprovado,2° EM,False,65.6,4.8,N4,1911.78,False,False,True,True,False,Baixo,Bom,Alta,True,Alta,False,1.8,False,Alto,Ruim,Parcial,Alta,Regular,0.7773827662095819,True
231,False,Masculino,12,False,True,False,False,Branca,Urbana,Aprovado,8° EF,False,61.0,5.2,N6,850.61,False,False,False,False,False,Baixo,Ruim,Média,False,Média,False,2.5,False,Moderado,Ruim,Parcial,Baixa,Boa,0.44184865413915697,False
232,False,Masculino,20,False,True,False,False,Branca,Urbana,Aprovado,1° EM,False,78.5,7.6,N5,909.88,False,False,False,True,False,Médio,Ruim,Alta,True,Alta,False,2.0,True,Alto,Boa,Parcial,Baixa,Regular,0.5696631115625529,True
233,False,Masculino,15,True,True,True,False,Branca,Urbana,Aprovado,7° EF,False,97.0,6.9,N3,522.47,False,False,True,False,False,Médio,Bom,Média,True,Baixa,False,1.0,False,Moderado,Boa,Parcial,Média,Boa,0.1726764855256475,True
234,True,Masculino,19,True,True,False,False,Parda,Urbana,Reprovado,2° EM,False,67.7,6.0,N7,2266.28,False,False,False,False,False,Médio,Bom,Média,False,Alta,False,0.0,False,Alto,Boa,Completa,Alta,Boa,0.36719146775012695,True
235,False,Masculino,10,False,True,True,False,Parda,Urbana,Aprovado,2° EM,False,88.1,5.0,N5,510.21,False,False,False,False,False,Alto,Ruim,Alta,False,Baixa,False,0.1,True,Alto,Ruim,Insuficiente,Baixa,Ruim,0.3143727780599289,False
236,False,Masculino,20,False,True,False,False,Parda,Urbana,Reprovado,9° EF,False,75.0,5.0,N6,419.48,False,False,False,False,False,Baixo,Ruim,Alta,False,Alta,False,2.5,False,Moderado,Boa,Completa,Média,Regular,0.38090401218892833,True
237,True,Masculino,21,True,True,True,False,Branca,Urbana,Em andamento,3° EM,False,82.7,6.0,N2,644.91,False,False,True,False,False,Médio,Bom,Alta,False,Baixa,False,2.1,True,Baixo,Regular,Parcial,Baixa,Regular,0.29101066531234127,False
238,False,Masculino,21,False,True,True,False,Parda,Urbana,Reprovado,3° EM,False,79.4,6.9,N3,403.25,False,False,False,True,False,Alto,Bom,Baixa,False,Baixa,True,1.2,False,Baixo,Boa,Completa,Média,Boa,0.6006433045539191,True
239,False,Feminino,10,True,True,False,False,Parda,Urbana,Aprovado,2° EM,False,99.9,6.7,N1,1086.23,False,False,False,False,False,Médio,Regular,Média,False,Baixa,False,1.7,False,Alto,Boa,Completa,Média,Ruim,0.16810563737938033,False
240,False,Feminino,12,False,True,True,False,Branca,Rural,Reprovado,1° EM,False,98.0,7.1,N6,1408.0,True,False,False,False,False,Alto,Bom,Baixa,False,Alta,False,1.1,False,Alto,Ruim,Completa,Alta,Boa,0.3267309971220586,False
241,False,Feminino,18,False,True,True,False,Parda,Urbana,Reprovado,1° EM,False,87.4,4.0,N6,1423.77,False,False,False,False,False,Médio,Bom,Alta,False,Alta,False,1.7,False,Alto,Regular,Parcial,Média,Regular,0.3687150837988826,False
242,False,Feminino,17,False,True,False,False,Parda,Urbana,Aprovado,9° EF,False,52.7,10.2,N1,449.14,False,False,False,False,True,Alto,Regular,Média,True,Alta,False,2.4,False,Alto,Regular,Parcial,Média,Regular,0.2300660233621128,False
243,False,Masculino,19,False,True,True,False,Parda,Urbana,Evadido,2° EM,False,96.9,6.8,N5,508.87,False,False,False,False,False,Baixo,Ruim,Média,False,Média,False,1.5,False,Moderado,Ruim,Completa,Baixa,Regular,0.17826307770441846,False
244,False,Feminino,17,True,True,True,False,Preta,Urbana,Aprovado,3° EM,False,99.2,6.2,N5,759.36,True,False,False,False,False,Médio,Ruim,Média,False,Média,True,1.9,False,Moderado,Boa,Completa,Alta,Regular,0.36634501438970707,False
245,False,Feminino,11,False,True,False,False,Não declarada,Urbana,Aprovado,9° EF,False,68.0,6.3,N1,736.84,False,False,False,False,False,Alto,Regular,Baixa,False,Alta,False,2.8,False,Moderado,Regular,Insuficiente,Alta,Regular,0.3504316912138141,False
246,False,Feminino,13,False,True,True,False,Não declarada,Urbana,Aprovado,2° EM,False,88.3,7.0,N6,739.24,False,False,False,False,False,Alto,Bom,Média,False,Média,False,2.6,False,Moderado,Boa,Completa,Média,Regular,0.21178263077704418,False
247,False,Feminino,14,False,True,True,False,Preta,Urbana,Aprovado,1° EM,False,58.2,5.7,N3,405.0,False,False,False,False,False,Alto,Regular,Baixa,False,Média,False,1.5,False,Alto,Regular,Completa,Alta,Boa,0.430675469781615,False
248,False,Masculino,20,False,True,False,False,Parda,Urbana,Reprovado,9° EF,False,82.2,7.5,N1,474.14,False,False,True,False,False,Baixo,Bom,Baixa,True,Média,False,0.4,False,Moderado,Boa,Completa,Média,Boa,0.21736922295581512,False
249,False,Masculino,21,True,True,True,False,Indígena,Urbana,Aprovado,7° EF,False,72.7,7.4,N5,541.66,False,False,False,False,False,Alto,Bom,Alta,False,Média,True,1.9,True,Alto,Boa,Completa,Média,Boa,0.27069578466226507,False
250,False,Feminino,16,False,False,True,False,Branca,Urbana,Evadido,3° EM,False,52.7,6.7,N6,464.1,True,False,False,False,False,Alto,Regular,Alta,False,Alta,False,2.4,False,Alto,Regular,Completa,Média,Boa,0.5771119011342475,True
251,False,Feminino,16,True,True,True,True,Amarela,Rural,Aprovado,9° EF,False,77.1,9.3,N5,495.44,False,False,False,False,False,Médio,Regular,Alta,False,Alta,False,3.0,False,Moderado,Regular,Completa,Alta,Boa,0.15185373285931944,False
252,False,Masculino,18,False,True,False,False,Branca,Rural,Aprovado,1° EM,False,93.5,7.5,N3,326.46,False,False,False,False,False,Alto,Regular,Média,False,Média,False,0.3,False,Baixo,Boa,Completa,Baixa,Ruim,0.15997968511934993,False
253,False,Masculino,21,True,True,True,False,Parda,Urbana,Aprovado,2° EM,False,76.6,8.2,N3,778.39,False,False,False,False,False,Baixo,Regular,Alta,False,Média,False,0.3,False,Moderado,Regular,Completa,Alta,Boa,0.21025901472828853,False
254,True,Masculino,22,True,False,False,False,Indígena,Urbana,Aprovado,4° EF,False,84.1,7.3,N3,956.94,False,False,False,False,False,Baixo,Regular,Baixa,False,Média,False,3.5,False,Baixo,Boa,Completa,Baixa,Regular,0.21787709497206706,True
255,False,Masculino,15,True,True,True,False,Parda,Urbana,Aprovado,2° EM,False,90.0,5.9,N3,239.67,False,False,False,False,False,Baixo,Regular,Média,False,Baixa,False,1.9,False,Baixo,Regular,Completa,Alta,Boa,0.2590147282884713,False
256,False,Feminino,20,False,True,True,True,Parda,Urbana,Evadido,1° EM,False,58.9,7.7,N3,1027.75,False,False,False,False,False,Médio,Ruim,Média,False,Média,False,2.1,False,Moderado,Boa,Parcial,Média,Ruim,0.3255459624174708,False
257,False,Feminino,16,False,True,False,False,Branca,Urbana,Aprovado,6° EF,False,68.7,6.0,N2,697.35,False,False,False,False,False,Baixo,Regular,Baixa,False,Média,False,2.6,False,Baixo,Ruim,Completa,Média,Regular,0.36211274758760786,False
258,False,Masculino,11,False,True,False,False,Parda,Urbana,Aprovado,3° EM,False,51.6,9.3,N5,876.01,False,False,False,False,False,Baixo,Bom,Média,False,Alta,False,2.0,False,Baixo,Regular,Parcial,Alta,Regular,0.28136109700355505,False
259,False,Feminino,20,True,True,True,False,Parda,Urbana,Evadido,2° EM,False,53.6,7.4,N7,548.89,False,True,False,False,False,Alto,Bom,Média,False,Média,False,2.8,True,Alto,Regular,Completa,Alta,Regular,0.3676993397663788,True
260,False,Masculino,18,False,True,True,False,Não declarada,Urbana,Aprovado,9° EF,False,59.5,5.9,N2,1201.28,False,False,False,False,True,Baixo,Bom,Alta,False,Baixa,False,2.8,False,Alto,Boa,Insuficiente,Média,Ruim,0.4139156932453022,True
261,False,Masculino,21,False,False,True,False,Parda,Rural,Aprovado,1° EM,False,54.9,8.0,N2,1502.32,False,False,False,False,False,Médio,Bom,Alta,False,Média,False,2.3,False,Moderado,Boa,Completa,Alta,Ruim,0.33062468257998984,False
262,False,Feminino,15,True,True,False,False,Parda,Urbana,Reprovado,1° EM,False,58.9,8.0,N7,567.06,False,False,False,False,False,Médio,Bom,Baixa,False,Alta,False,2.3,False,Moderado,Regular,Parcial,Média,Boa,0.3103098019299137,False
263,False,Feminino,11,False,True,True,False,Não declarada,Urbana,Aprovado,3° EF,False,89.6,6.1,N1,359.23,False,False,True,False,False,Alto,Regular,Alta,False,Alta,False,3.1,False,Moderado,Ruim,Parcial,Média,Boa,0.25088877602844084,True
264,False,Masculino,12,True,True,False,False,Branca,Rural,Aprovado,1° EM,False,61.6,7.5,N5,655.55,False,False,False,False,False,Médio,Regular,Alta,True,Baixa,False,3.0,False,Moderado,Regular,Completa,Alta,Boa,0.32199085830370744,False
265,False,Feminino,16,False,True,True,False,Branca,Urbana,Aprovado,9° EF,False,78.8,3.4,N1,251.86,False,False,False,False,False,Baixo,Bom,Alta,False,Baixa,True,0.1,False,Moderado,Regular,Insuficiente,Baixa,Regular,0.44286439817166073,True
266,False,Feminino,19,False,True,False,False,Preta,Urbana,Em andamento,8° EF,False,71.7,5.7,N7,827.89,False,False,False,False,False,Alto,Ruim,Alta,False,Média,False,1.0,True,Moderado,Boa,Parcial,Média,Regular,0.36211274758760786,False
267,False,Outro,20,True,False,False,False,Branca,Urbana,Aprovado,8° EF,False,72.5,6.0,N3,303.05,False,False,False,False,False,Baixo,Bom,Baixa,False,Alta,True,2.1,True,Baixo,Boa,Insuficiente,Média,Boa,0.3428136109700356,True
268,False,Masculino,12,False,True,True,False,Branca,Urbana,Aprovado,2° EM,False,50.7,5.4,N1,289.0,False,False,True,False,True,Alto,Regular,Alta,True,Alta,False,2.2,False,Alto,Regular,Insuficiente,Alta,Boa,0.484002031488065,True
269,False,Feminino,16,False,True,False,False,Branca,Urbana,Aprovado,7° EF,False,96.9,5.2,N3,1225.95,False,False,False,False,False,Médio,Bom,Alta,False,Alta,False,2.7,False,Moderado,Ruim,Completa,Alta,Boa,0.25952260030472313,False
270,False,Feminino,16,True,True,True,False,Parda,Urbana,Aprovado,1° EM,False,53.9,7.5,N3,401.96,False,False,False,False,False,Médio,Regular,Média,True,Baixa,False,1.5,False,Alto,Ruim,Completa,Média,Boa,0.3610970035551041,False
271,False,Feminino,18,True,True,True,False,Amarela,Urbana,Aprovado,7° EF,False,78.8,8.3,N4,376.0,True,False,False,True,False,Alto,Bom,Média,False,Baixa,False,1.0,True,Alto,Boa,Completa,Alta,Ruim,0.701879126460132,True
272,False,Feminino,18,True,True,False,False,Branca,Rural,Aprovado,2° EM,False,83.2,8.6,N2,296.23,True,True,True,True,False,Alto,Ruim,Baixa,False,Alta,False,3.6,False,Moderado,Regular,Completa,Alta,Boa,0.6642965972574911,True
273,False,Feminino,11,False,True,True,False,Parda,Rural,Aprovado,1° EM,False,92.1,5.3,N7,707.47,False,False,True,False,False,Médio,Regular,Alta,True,Alta,False,0.9,False,Moderado,Regular,Insuficiente,Média,Boa,0.27882173692229567,False
274,False,Feminino,22,False,True,False,False,Parda,Urbana,Reprovado,7° EF,False,70.7,7.9,N1,722.19,False,False,False,False,False,Médio,Bom,Alta,True,Média,False,2.0,False,Alto,Boa,Completa,Baixa,Boa,0.2554596241747079,True
275,False,Masculino,12,False,True,True,False,Parda,Urbana,Reprovado,2° EM,False,79.0,6.2,N6,661.89,False,False,False,False,False,Baixo,Regular,Média,False,Média,True,1.2,False,Alto,Ruim,Completa,Baixa,Boa,0.29964448958862366,False
276,False,Feminino,10,False,True,True,False,Não declarada,Urbana,Aprovado,3° EF,False,58.6,7.0,N3,765.58,False,False,True,False,False,Baixo,Regular,Baixa,False,Baixa,False,0.2,False,Alto,Boa,Parcial,Média,Boa,0.36262061960385983,False
277,False,Feminino,22,False,True,True,False,Indígena,Urbana,Aprovado,2° EM,False,81.9,6.7,N4,928.36,False,False,False,False,False,Baixo,Ruim,Alta,False,Média,False,2.4,True,Moderado,Boa,Completa,Média,Ruim,0.25952260030472313,False
278,False,Feminino,11,False,True,True,False,Preta,Urbana,Reprovado,3° EM,False,95.5,7.4,N1,270.21,False,False,False,False,False,Médio,Ruim,Alta,False,Média,False,3.9,False,Alto,Boa,Insuficiente,Média,Regular,0.15490096495683084,True
279,False,Feminino,17,False,False,True,False,Preta,Urbana,Aprovado,8° EF,False,55.2,9.2,N4,637.06,False,True,False,False,False,Alto,Regular,Alta,True,Baixa,False,0.9,False,Moderado,Regular,Parcial,Alta,Boa,0.2681564245810056,False
280,False,Feminino,11,False,True,False,False,Parda,Urbana,Aprovado,2° EM,False,58.4,5.7,N4,832.32,False,False,False,False,False,Alto,Regular,Baixa,False,Baixa,True,2.4,True,Moderado,Ruim,Completa,Baixa,Ruim,0.42965972574911127,False
281,True,Feminino,13,False,True,True,False,Branca,Urbana,Aprovado,5° EF,False,77.5,9.2,N3,393.57,False,True,False,False,False,Alto,Regular,Baixa,False,Alta,False,3.0,False,Moderado,Boa,Completa,Baixa,Boa,0.15490096495683092,False
282,False,Masculino,22,True,True,True,False,Branca,Urbana,Aprovado,4° EF,False,56.0,7.2,N1,586.46,False,False,False,False,False,Médio,Ruim,Média,False,Baixa,False,2.2,True,Moderado,Ruim,Parcial,Média,Regular,0.3656678517013712,False
283,False,Masculino,17,True,True,True,False,Não declarada,Urbana,Aprovado,4° EF,False,53.1,7.3,N2,585.84,False,False,False,False,False,Alto,Ruim,Baixa,False,Alta,False,2.6,True,Baixo,Regular,Parcial,Alta,Boa,0.37531742001015744,True
284,False,Feminino,20,False,True,True,False,Preta,Urbana,Reprovado,2° EM,False,90.2,8.7,N5,738.13,False,False,False,False,False,Médio,Bom,Alta,False,Alta,False,1.5,False,Alto,Regular,Completa,Média,Ruim,0.11579481970543423,False
285,False,Masculino,13,False,True,True,False,Branca,Urbana,Aprovado,2° EM,False,91.0,3.8,N5,1608.82,False,False,False,False,False,Baixo,Ruim,Média,False,Alta,False,2.1,False,Baixo,Regular,Completa,Alta,Boa,0.3605891315388522,True
286,False,Masculino,10,False,True,False,False,Preta,Urbana,Aprovado,8° EF,False,69.8,5.0,N2,644.75,False,False,False,False,False,Médio,Ruim,Média,True,Alta,False,1.8,False,Moderado,Boa,Insuficiente,Baixa,Regular,0.40731335703402743,False
287,True,Masculino,12,False,True,True,False,Branca,Urbana,Evadido,3° EF,False,70.4,10.1,N1,693.24,True,False,False,False,False,Alto,Bom,Baixa,False,Alta,False,1.9,False,Alto,Boa,Insuficiente,Alta,Boa,0.31454206873201285,True
288,False,Feminino,10,False,False,True,True,Parda,Urbana,Aprovado,2° EM,False,67.2,7.7,N5,504.14,False,False,False,False,False,Baixo,Regular,Média,False,Média,False,3.0,False,Baixo,Regular,Parcial,Média,Boa,0.2833925850685627,False
289,False,Masculino,17,False,True,True,False,Branca,Urbana,Em andamento,9° EF,False,50.2,6.6,N1,1108.69,False,False,False,False,False,Baixo,Bom,Alta,False,Alta,False,2.2,False,Alto,Ruim,Completa,Média,Ruim,0.425596749619096,False
290,False,Masculino,15,False,True,False,False,Parda,Urbana,Aprovado,1° EF,False,99.0,7.9,N3,337.17,False,False,False,False,False,Baixo,Bom,Média,False,Alta,True,3.8,False,Baixo,Boa,Completa,Média,Boa,0.11173184357541897,False
291,True,Feminino,18,False,True,True,True,Branca,Urbana,Aprovado,1° EM,False,78.9,8.3,N4,380.43,False,False,False,False,False,Alto,Regular,Média,False,Média,False,3.0,False,Moderado,Boa,Completa,Média,Regular,0.19349923819197554,False
292,True,Masculino,22,False,True,True,False,Não declarada,Urbana,Aprovado,6° EF,False,78.7,5.4,N6,776.78,False,False,False,False,False,Alto,Regular,Baixa,False,Alta,False,3.3,False,Baixo,Boa,Parcial,Baixa,Boa,0.34179786693753167,False
293,False,Feminino,11,True,True,False,True,Parda,Urbana,Aprovado,7° EF,False,72.9,7.3,N2,627.25,False,False,False,False,False,Médio,Bom,Média,False,Alta,False,1.4,False,Alto,Regular,Completa,Alta,Regular,0.27475876079228034,False
294,True,Masculino,14,True,True,True,False,Preta,Urbana,Aprovado,9° EF,False,70.6,6.2,N4,1346.32,False,False,False,False,False,Alto,Bom,Alta,False,Alta,False,4.1,True,Alto,Boa,Parcial,Alta,Regular,0.34230573895378363,False
295,False,Outro,19,False,True,True,False,Parda,Rural,Aprovado,7° EF,False,66.5,7.4,N2,778.98,False,False,False,False,False,Alto,Regular,Alta,False,Alta,False,1.6,False,Alto,Boa,Insuficiente,Alta,Ruim,0.30218384966988315,False
296,False,Masculino,11,False,True,True,False,Não declarada,Urbana,Aprovado,6° EF,False,90.8,4.7,N4,1671.87,False,False,False,False,False,Médio,Ruim,Média,False,Alta,False,1.2,False,Moderado,Ruim,Completa,Alta,Regular,0.31589639410868464,False
297,False,Feminino,22,False,True,True,False,Amarela,Urbana,Evadido,8° EF,False,97.4,5.6,N2,434.85,False,False,False,False,False,Baixo,Ruim,Média,True,Média,False,1.7,False,Baixo,Regular,Parcial,Baixa,Boa,0.23666835957338747,False
298,False,Feminino,14,False,True,True,False,Preta,Urbana,Aprovado,7° EF,False,75.0,4.7,N6,986.71,False,False,False,False,False,Médio,Regular,Alta,False,Alta,False,0.0,False,Alto,Regular,Parcial,Baixa,Regular,0.3961401726764855,True
299,False,Feminino,13,False,True,True,False,Amarela,Urbana,Reprovado,2° EM,False,93.1,5.2,N4,354.68,True,False,True,False,False,Alto,Bom,Baixa,True,Baixa,False,3.4,False,Moderado,Regular,Completa,Média,Boa,0.4481124090062638,True
300,False,Masculino,21,False,True,True,False,Parda,Urbana,Evadido,3° EF,False,56.3,5.5,N6,639.43,False,False,True,False,False,Alto,Regular,Alta,False,Alta,False,1.9,False,Moderado,Boa,Parcial,Baixa,Boa,0.4504824784154393,False
301,False,Feminino,16,False,True,True,False,Branca,Urbana,Aprovado,3° EM,False,77.6,4.2,N1,434.76,False,False,False,False,False,Alto,Regular,Alta,True,Alta,False,0.7,False,Moderado,Boa,Completa,Baixa,Boa,0.40832910106653125,False
302,False,Masculino,16,False,True,True,False,Parda,Rural,Aprovado,1° EM,False,84.0,7.5,N1,1082.66,False,False,False,False,False,Alto,Bom,Alta,False,Alta,True,1.9,False,Baixo,Boa,Insuficiente,Baixa,Boa,0.20822752666328084,False
303,False,Feminino,18,False,True,False,False,Branca,Urbana,Reprovado,2° EM,False,97.2,3.6,N4,1498.35,False,False,False,False,False,Alto,Regular,Alta,False,Alta,True,1.5,False,Baixo,Regular,Parcial,Alta,Ruim,0.33925850685627224,False
304,False,Outro,11,False,False,True,False,Branca,Urbana,Aprovado,9° EF,False,55.6,5.2,N3,410.22,False,False,True,False,False,Alto,Bom,Alta,False,Alta,False,1.9,False,Alto,Boa,Completa,Média,Boa,0.4692737430167598,False
305,False,Masculino,20,False,True,True,False,Parda,Urbana,Aprovado,7° EF,False,62.6,9.2,N1,297.56,False,False,False,False,False,Médio,Bom,Baixa,False,Média,False,2.2,True,Moderado,Ruim,Completa,Alta,Ruim,0.23057389537836467,False
306,False,Masculino,13,True,True,True,True,Parda,Rural,Evadido,9° EF,False,72.2,7.3,N7,639.13,False,False,False,False,False,Médio,Bom,Baixa,False,Alta,False,2.1,False,Moderado,Regular,Completa,Baixa,Boa,0.27831386490604365,False
307,False,Outro,14,False,True,True,False,Branca,Urbana,Reprovado,1° EM,False,95.6,7.4,N3,725.98,False,False,False,False,False,Médio,Regular,Média,True,Baixa,False,0.6,True,Moderado,Regular,Completa,Média,Boa,0.15439309294057899,False
308,False,Feminino,10,False,True,False,False,Preta,Urbana,Aprovado,6° EF,False,82.6,6.8,N3,383.26,False,False,False,False,False,Médio,Bom,Alta,True,Alta,True,1.6,False,Moderado,Ruim,Parcial,Alta,Regular,0.25088877602844084,False
309,True,Masculino,11,True,True,False,False,Parda,Rural,Aprovado,4° EF,False,56.5,6.6,N1,907.56,False,False,False,False,False,Alto,Ruim,Alta,False,Média,False,1.6,False,Alto,Boa,Parcial,Média,Regular,0.393600812595226,False
310,False,Masculino,12,False,True,True,False,Amarela,Urbana,Aprovado,3° EM,False,96.3,5.3,N4,520.32,False,False,False,False,False,Médio,Regular,Alta,True,Baixa,False,1.0,False,Alto,Boa,Insuficiente,Alta,Boa,0.2574911122397156,True
311,False,Masculino,15,False,True,False,False,Parda,Rural,Aprovado,1° EM,False,84.6,6.4,N7,546.85,True,True,False,False,False,Médio,Bom,Alta,False,Alta,False,4.3,True,Moderado,Regular,Completa,Alta,Regular,0.43033688843744705,False
312,False,Feminino,15,False,True,True,False,Branca,Urbana,Aprovado,2° EM,False,61.7,6.8,N7,748.44,False,False,False,False,False,Médio,Ruim,Alta,False,Alta,False,1.5,False,Baixo,Regular,Completa,Média,Regular,0.35703402742508883,True
313,False,Masculino,18,False,True,True,False,Parda,Rural,Aprovado,7° EF,False,83.0,7.8,N2,321.19,False,False,False,False,False,Alto,Bom,Baixa,False,Alta,False,2.2,True,Alto,Regular,Parcial,Média,Boa,0.19807008633824277,False
314,False,Masculino,14,False,True,True,False,Amarela,Rural,Reprovado,2° EM,False,57.3,9.5,N2,498.0,False,False,False,False,True,Médio,Regular,Média,True,Baixa,False,2.1,False,Alto,Boa,Parcial,Baixa,Boa,0.24225495175215847,True
315,False,Feminino,10,True,True,True,False,Parda,Urbana,Reprovado,2° EM,False,57.3,6.6,N3,641.64,False,False,False,False,False,Médio,Regular,Alta,False,Média,False,1.7,False,Moderado,Boa,Parcial,Alta,Regular,0.3895378364652108,False
316,False,Feminino,17,False,True,False,True,Branca,Urbana,Reprovado,1° EM,False,56.3,7.4,N2,752.89,False,False,False,False,False,Baixo,Bom,Baixa,False,Alta,False,0.3,False,Baixo,Regular,Completa,Média,Boa,0.3539867953275775,False
317,False,Masculino,14,False,True,True,False,Parda,Rural,Evadido,9° EF,False,64.1,5.9,N6,684.47,False,False,True,False,False,Médio,Bom,Baixa,False,Alta,False,1.0,False,Alto,Boa,Completa,Média,Ruim,0.39055358049771455,False
318,False,Masculino,19,False,True,False,False,Preta,Rural,Evadido,6° EF,False,88.7,7.4,N2,276.96,True,True,False,False,False,Médio,Bom,Média,False,Baixa,False,1.2,False,Baixo,Boa,Parcial,Média,Boa,0.35872693414592854,False
319,False,Masculino,15,False,True,True,False,Parda,Urbana,Aprovado,8° EF,False,98.5,6.7,N6,1431.84,False,False,True,False,False,Médio,Ruim,Baixa,False,Alta,False,3.4,False,Moderado,Regular,Completa,Alta,Regular,0.17521584560690706,True
320,False,Masculino,13,True,True,True,False,Não declarada,Rural,Aprovado,1° EM,False,66.9,7.4,N2,581.15,False,False,False,False,False,Médio,Ruim,Alta,True,Média,False,3.8,False,Alto,Regular,Completa,Média,Boa,0.3001523616048755,False
321,False,Masculino,13,False,True,True,False,Branca,Rural,Aprovado,1° EM,False,74.9,7.8,N7,577.41,False,False,True,False,False,Médio,Bom,Alta,False,Baixa,False,0.9,False,Baixo,Ruim,Completa,Alta,Boa,0.239207719654647,False
322,False,Masculino,10,True,True,True,False,Branca,Urbana,Aprovado,1° EM,False,69.9,4.1,N7,1338.06,False,False,False,False,False,Alto,Bom,Baixa,True,Baixa,False,3.0,True,Alto,Boa,Completa,Média,Regular,0.4525139664804469,False
323,True,Masculino,14,True,True,False,False,Branca,Urbana,Aprovado,3° EF,False,62.8,6.4,N5,587.04,False,False,False,False,False,Baixo,Bom,Alta,False,Alta,False,0.4,False,Alto,Boa,Completa,Média,Boa,0.37176231589639414,False
324,False,Feminino,15,False,True,False,False,Branca,Urbana,Evadido,2° EM,False,61.1,9.6,N2,433.97,False,False,False,False,False,Baixo,Bom,Baixa,False,Alta,False,2.3,True,Moderado,Boa,Completa,Média,Boa,0.21787709497206706,False
325,False,Feminino,11,False,True,False,False,Parda,Urbana,Aprovado,7° EF,False,99.9,4.6,N7,545.74,False,False,False,False,False,Alto,Bom,Alta,False,Média,False,1.1,False,Alto,Regular,Completa,Média,Boa,0.27475876079228034,False
326,False,Feminino,18,True,True,True,False,Preta,Rural,Aprovado,4° EF,False,88.8,9.1,N2,587.08,False,False,False,False,False,Médio,Ruim,Alta,False,Baixa,True,1.7,True,Alto,Boa,Parcial,Alta,Ruim,0.10259014728288474,True
327,False,Masculino,16,False,True,True,False,Amarela,Urbana,Aprovado,7° EF,False,66.6,6.7,N5,405.67,False,True,False,False,False,Baixo,Bom,Média,False,Média,False,2.3,False,Alto,Boa,Completa,Média,Regular,0.33722701879126465,False
328,False,Feminino,11,False,True,False,True,Branca,Urbana,Evadido,3° EM,False,56.2,7.8,N4,1303.56,True,False,False,False,True,Baixo,Regular,Média,True,Baixa,False,2.7,False,Moderado,Ruim,Completa,Baixa,Regular,0.5034704587777213,True
329,False,Masculino,17,False,True,True,False,Parda,Urbana,Aprovado,1° EM,False,64.3,7.6,N4,694.26,False,False,False,True,False,Médio,Bom,Alta,True,Alta,False,1.8,False,Baixo,Ruim,Completa,Alta,Boa,0.6417809378703234,True
330,False,Masculino,19,False,False,False,True,Parda,Urbana,Aprovado,9° EF,False,60.9,4.7,N1,285.67,True,False,False,False,False,Alto,Bom,Alta,False,Baixa,False,1.2,False,Moderado,Boa,Completa,Alta,Boa,0.6370407990519722,False
331,False,Feminino,21,False,True,True,False,Branca,Urbana,Aprovado,1° EM,False,91.9,6.5,N1,701.66,False,False,False,True,False,Alto,Bom,Média,True,Média,True,1.0,False,Alto,Regular,Completa,Alta,Regular,0.5574741831725072,False
332,False,Feminino,22,False,True,True,True,Parda,Urbana,Aprovado,2° EM,False,93.4,4.2,N5,586.09,False,True,False,False,False,Médio,Regular,Alta,False,Alta,False,1.1,False,Alto,Boa,Insuficiente,Alta,Regular,0.3280853224987303,False
333,False,Masculino,22,False,True,True,False,Parda,Urbana,Aprovado,2° EM,False,79.4,5.5,N5,524.19,False,False,True,False,False,Médio,Regular,Alta,True,Alta,False,1.7,False,Moderado,Boa,Insuficiente,Alta,Boa,0.3331640426612493,False
334,False,Feminino,14,False,True,True,False,Branca,Urbana,Aprovado,1° EM,False,63.3,6.5,N3,211.21,False,False,False,False,False,Baixo,Regular,Alta,False,Alta,False,3.4,False,Alto,Boa,Completa,Média,Regular,0.36414423565261556,False
335,False,Masculino,13,False,True,True,False,Parda,Urbana,Aprovado,2° EM,False,68.8,7.8,N3,1018.8,True,False,False,True,False,Baixo,Bom,Média,True,Média,False,2.7,False,Baixo,Regular,Completa,Média,Regular,0.7780599288979179,True
336,False,Feminino,18,False,True,True,False,Branca,Urbana,Evadido,1° EM,False,61.1,9.1,N6,401.65,True,False,False,False,False,Alto,Bom,Alta,False,Média,False,2.7,False,Moderado,Boa,Parcial,Alta,Regular,0.41256136786863046,False
337,False,Feminino,13,True,True,True,False,Preta,Urbana,Reprovado,2° EM,False,53.7,3.6,N6,838.39,False,False,False,True,False,Médio,Bom,Alta,True,Alta,False,3.4,True,Moderado,Boa,Parcial,Alta,Boa,0.898764178093787,True
338,False,Masculino,19,False,True,False,False,Parda,Rural,Aprovado,2° EM,False,80.2,4.7,N3,1570.75,True,False,False,False,False,Médio,Ruim,Alta,False,Alta,False,0.8,False,Alto,Ruim,Parcial,Baixa,Regular,0.5390214999153546,True
339,False,Feminino,17,False,True,True,False,Parda,Urbana,Aprovado,1° EF,False,83.9,6.6,N1,1692.61,False,False,False,False,False,Alto,Bom,Alta,False,Média,False,2.1,False,Baixo,Boa,Completa,Média,Regular,0.25444388014220415,False
340,False,Masculino,18,False,True,False,False,Parda,Urbana,Aprovado,7° EF,False,79.6,3.5,N6,729.77,False,True,False,False,False,Baixo,Bom,Média,False,Alta,False,1.7,True,Alto,Boa,Completa,Alta,Ruim,0.43372270187912654,False
341,False,Masculino,21,False,True,True,False,Parda,Urbana,Reprovado,1° EM,False,51.7,7.5,N1,1198.99,False,False,False,False,False,Baixo,Regular,Média,True,Alta,False,2.2,False,Moderado,Boa,Parcial,Alta,Boa,0.372270187912646,True
342,False,Feminino,13,False,True,True,False,Indígena,Urbana,Em andamento,6° EF,False,53.1,5.4,N5,610.01,False,False,False,False,False,Baixo,Bom,Alta,True,Alta,False,2.3,False,Moderado,Boa,Completa,Alta,Boa,0.4718131030980192,False
343,False,Feminino,12,False,True,True,False,Preta,Rural,Aprovado,2° EM,False,58.4,4.0,N3,1050.44,False,True,False,False,False,Alto,Ruim,Média,True,Média,True,2.0,False,Moderado,Boa,Completa,Média,Boa,0.515997968511935,False
344,False,Feminino,13,False,True,True,False,Parda,Urbana,Aprovado,1° EM,False,60.7,5.0,N7,784.15,False,True,False,False,False,Alto,Bom,Alta,False,Baixa,False,1.7,False,Moderado,Ruim,Parcial,Alta,Boa,0.4535297105129507,False
345,False,Masculino,18,False,True,True,False,Não declarada,Urbana,Aprovado,2° EM,False,73.8,7.4,N2,1048.19,False,False,True,False,False,Baixo,Ruim,Alta,True,Alta,False,2.7,False,Baixo,Boa,Parcial,Média,Boa,0.2651091924834941,False
346,False,Masculino,18,False,True,True,False,Branca,Urbana,Aprovado,6° EF,False,81.7,6.3,N3,1119.02,False,False,False,False,False,Alto,Regular,Alta,False,Média,False,1.6,False,Moderado,Regular,Parcial,Alta,Ruim,0.2808532249873032,True
347,False,Masculino,19,False,True,True,False,Branca,Urbana,Reprovado,2° EM,False,50.7,8.3,N3,381.51,False,False,False,True,False,Baixo,Bom,Baixa,True,Alta,True,2.0,True,Alto,Ruim,Completa,Baixa,Regular,0.675300490942949,True
348,False,Feminino,21,True,True,False,False,Parda,Rural,Evadido,8° EF,False,51.5,6.2,N4,1575.55,False,False,False,False,False,Baixo,Bom,Média,False,Alta,False,2.3,False,Moderado,Boa,Completa,Média,Ruim,0.4393092940578973,False
349,True,Feminino,20,False,False,False,False,Parda,Rural,Aprovado,3° EF,False,71.3,6.3,N7,604.42,False,False,False,False,False,Alto,Bom,Baixa,True,Alta,False,1.4,False,Alto,Regular,Completa,Média,Boa,0.3336719146775013,False
350,False,Masculino,11,False,True,False,False,Branca,Urbana,Reprovado,1° EM,False,85.0,3.9,N4,689.14,False,False,False,False,False,Médio,Bom,Alta,True,Alta,False,2.7,False,Alto,Regular,Completa,Baixa,Regular,0.3859827323514474,True
351,False,Feminino,13,False,True,False,False,Branca,Urbana,Aprovado,1° EM,False,83.4,4.5,N6,789.21,False,False,False,False,False,Alto,Ruim,Média,False,Alta,False,1.2,False,Moderado,Regular,Completa,Média,Boa,0.36363636363636365,False
352,False,Feminino,20,True,False,False,False,Parda,Urbana,Aprovado,2° EM,False,86.3,7.8,N6,767.66,False,False,False,False,False,Médio,Ruim,Alta,False,Alta,False,2.5,False,Alto,Boa,Parcial,Alta,Boa,0.18131030980192994,False
353,False,Feminino,11,False,True,True,False,Parda,Urbana,Aprovado,8° EF,False,64.7,7.8,N3,728.45,False,True,False,False,False,Alto,Ruim,Média,True,Alta,True,2.5,False,Baixo,Ruim,Completa,Média,Boa,0.29101066531234127,True
354,False,Masculino,12,False,True,True,False,Parda,Urbana,Reprovado,2° EM,False,91.0,5.3,N6,772.23,False,False,False,False,False,Médio,Regular,Média,True,Média,False,0.2,False,Alto,Boa,Parcial,Média,Boa,0.28440832910106656,True
355,False,Feminino,22,False,True,True,False,Branca,Urbana,Aprovado,1° EM,False,72.0,6.5,N7,1342.76,False,False,False,False,True,Médio,Regular,Média,False,Média,False,2.7,False,Baixo,Boa,Completa,Alta,Regular,0.31995937023869986,False
356,False,Masculino,10,True,True,True,False,Branca,Urbana,Aprovado,3° EM,False,72.7,9.2,N3,816.69,False,False,True,False,False,Alto,Bom,Baixa,False,Alta,False,2.1,False,Alto,Boa,Completa,Alta,Ruim,0.1792788217369223,False
357,True,Feminino,10,False,True,True,False,Parda,Rural,Aprovado,6° EF,False,76.4,4.7,N5,617.95,False,False,False,False,False,Alto,Regular,Alta,False,Alta,False,2.8,False,Baixo,Regular,Parcial,Média,Boa,0.3890299644489588,True
358,False,Masculino,21,False,True,False,False,Branca,Urbana,Reprovado,2° EM,False,65.6,7.3,N4,460.14,False,False,False,False,False,Baixo,Ruim,Média,False,Alta,False,2.8,False,Moderado,Boa,Parcial,Média,Regular,0.3118334179786694,False
359,False,Outro,13,True,True,True,False,Parda,Urbana,Aprovado,2° EM,False,95.0,5.8,N5,494.18,False,False,False,False,False,Alto,Bom,Média,False,Alta,False,0.5,False,Moderado,Boa,Completa,Alta,Boa,0.23869984763839514,False
360,False,Outro,13,True,True,False,False,Parda,Urbana,Aprovado,9° EF,False,58.0,5.6,N6,864.37,False,False,False,False,False,Médio,Ruim,Alta,True,Baixa,False,1.7,True,Baixo,Boa,Completa,Baixa,Boa,0.4367699339766379,False
361,True,Masculino,19,False,True,True,False,Branca,Urbana,Reprovado,2° EM,False,88.0,7.0,N3,739.12,False,False,False,False,False,Baixo,Regular,Alta,True,Alta,False,1.3,False,Moderado,Regular,Completa,Média,Boa,0.2133062468257999,True
362,True,Feminino,14,False,False,True,False,Branca,Urbana,Aprovado,4° EF,False,61.1,4.5,N1,671.09,False,False,False,False,False,Médio,Ruim,Média,True,Média,False,2.8,False,Moderado,Regular,Completa,Alta,Ruim,0.47689182326053836,True
363,False,Feminino,11,False,True,True,False,Preta,Urbana,Aprovado,3° EF,False,75.9,3.5,N1,544.1,False,False,False,False,False,Baixo,Bom,Alta,False,Média,False,1.8,True,Alto,Regular,Completa,Média,Boa,0.4525139664804469,True
364,True,Feminino,18,False,True,False,False,Preta,Urbana,Aprovado,1° EM,False,55.1,4.7,N3,790.11,False,False,False,False,False,Médio,Ruim,Alta,True,Baixa,False,2.0,False,Alto,Ruim,Completa,Média,Boa,0.49720670391061444,False
365,False,Feminino,10,False,True,False,False,Branca,Urbana,Aprovado,9° EF,False,65.3,7.3,N2,1162.13,False,False,False,False,False,Alto,Regular,Alta,True,Alta,False,3.0,False,Moderado,Boa,Parcial,Média,Regular,0.3133570340274251,True
366,True,Feminino,19,False,True,True,False,Branca,Urbana,Reprovado,3° EF,False,92.5,9.0,N6,829.1,False,False,False,False,False,Alto,Bom,Média,False,Média,False,0.9,False,Moderado,Regular,Parcial,Alta,Ruim,0.08887760284408329,False
367,False,Masculino,22,True,True,True,False,Não declarada,Urbana,Reprovado,8° EF,False,74.0,7.1,N7,546.62,False,False,False,False,False,Baixo,Ruim,Média,False,Média,False,1.7,False,Baixo,Regular,Completa,Média,Boa,0.2793296089385475,False
368,False,Masculino,10,False,True,True,False,Branca,Urbana,Aprovado,1° EM,False,81.8,6.4,N6,444.73,True,True,False,False,False,Médio,Ruim,Média,False,Baixa,False,0.1,False,Moderado,Boa,Completa,Média,Regular,0.44455730489250045,True
369,False,Masculino,19,False,True,True,False,Branca,Urbana,Aprovado,2° EM,False,73.5,6.2,N5,511.85,False,False,False,False,False,Médio,Bom,Alta,True,Baixa,False,2.5,True,Moderado,Ruim,Parcial,Média,Regular,0.32757745048247844,False
370,False,Masculino,20,True,True,True,False,Parda,Urbana,Aprovado,9° EF,True,77.3,8.7,N6,455.44,False,False,False,False,False,Alto,Bom,Alta,False,Baixa,False,0.9,False,Baixo,Ruim,Completa,Alta,Ruim,0.35060098188589817,False
371,False,Masculino,11,False,True,True,False,Parda,Urbana,Aprovado,7° EF,False,61.9,6.9,N2,1196.89,False,True,False,True,False,Médio,Bom,Média,False,Alta,False,2.5,False,Alto,Boa,Parcial,Alta,Boa,0.6895209073980023,True
372,False,Masculino,21,False,False,False,False,Amarela,Rural,Evadido,1° EM,False,86.6,9.5,N7,492.21,False,False,False,False,False,Baixo,Regular,Alta,True,Alta,False,2.3,False,Moderado,Ruim,Completa,Baixa,Boa,0.09344845099035047,False
373,False,Feminino,10,False,True,False,False,Parda,Urbana,Aprovado,2° EM,False,67.8,5.5,N6,1553.28,True,False,False,False,False,Alto,Regular,Alta,False,Baixa,True,1.0,False,Baixo,Boa,Completa,Média,Boa,0.5613678686304384,True
374,False,Feminino,22,False,True,True,False,Parda,Urbana,Aprovado,3° EM,False,58.1,4.9,N5,664.34,False,False,False,False,False,Médio,Regular,Alta,True,Média,False,1.7,True,Baixo,Regular,Completa,Média,Boa,0.4718131030980192,False
375,False,Feminino,11,False,True,True,False,Parda,Urbana,Aprovado,1° EM,False,86.6,5.8,N1,534.64,False,False,False,False,True,Baixo,Regular,Média,False,Média,False,1.8,False,Alto,Regular,Parcial,Alta,Boa,0.2813610970035551,False
376,False,Feminino,15,False,True,False,False,Branca,Rural,Aprovado,1° EM,False,98.0,6.7,N4,910.54,False,True,False,False,False,Médio,Ruim,Alta,False,Alta,False,3.2,False,Alto,Ruim,Completa,Média,Boa,0.17775520568816658,False
377,False,Feminino,19,False,True,False,False,Amarela,Urbana,Reprovado,7° EF,False,75.2,7.8,N4,721.73,False,False,False,False,False,Baixo,Bom,Alta,True,Alta,False,2.0,True,Alto,Regular,Completa,Média,Boa,0.23768410360589132,False
378,False,Feminino,18,False,True,False,False,Branca,Urbana,Aprovado,1° EM,False,78.8,5.8,N6,677.42,False,False,False,False,False,Alto,Bom,Média,False,Alta,False,3.3,False,Baixo,Boa,Parcial,Média,Boa,0.3209751142712036,False
379,False,Feminino,19,False,True,True,False,Parda,Urbana,Evadido,1° EM,False,55.2,5.2,N3,295.68,False,False,False,False,False,Médio,Regular,Média,False,Baixa,False,1.5,False,Alto,Boa,Completa,Alta,Boa,0.47130523108176736,False
380,False,Outro,17,False,False,True,True,Branca,Urbana,Reprovado,9° EF,False,61.5,7.4,N7,1068.47,False,True,False,False,False,Alto,Bom,Baixa,False,Baixa,True,2.0,False,Baixo,Boa,Parcial,Alta,Boa,0.3275774504824784,True
381,False,Masculino,22,True,True,True,True,Branca,Urbana,Aprovado,1° EM,False,60.4,5.9,N3,994.95,False,False,False,True,False,Médio,Bom,Alta,True,Baixa,False,0.7,False,Moderado,Boa,Completa,Média,Regular,0.7479261892669713,True
382,False,Feminino,14,False,True,True,False,Amarela,Urbana,Aprovado,1° EM,False,69.7,6.5,N1,704.52,False,False,False,False,False,Alto,Bom,Média,True,Alta,False,1.7,False,Alto,Boa,Parcial,Média,Regular,0.33164042661249366,False
383,True,Feminino,18,True,True,False,False,Branca,Rural,Reprovado,6° EF,False,51.0,8.5,N2,667.23,False,False,False,True,False,Alto,Regular,Média,False,Baixa,False,1.3,False,Baixo,Ruim,Completa,Média,Regular,0.6636194345691553,True
384,False,Masculino,13,False,True,True,False,Parda,Urbana,Aprovado,9° EF,False,89.9,5.7,N2,1103.05,False,False,False,False,False,Médio,Bom,Alta,False,Média,False,0.3,False,Moderado,Regular,Completa,Alta,Regular,0.2696800406297613,False
385,False,Outro,10,False,True,True,False,Parda,Rural,Aprovado,7° EF,False,64.7,9.3,N5,645.97,False,False,False,False,False,Baixo,Bom,Baixa,False,Alta,False,2.5,False,Moderado,Ruim,Completa,Alta,Regular,0.21482986287455555,False
386,False,Feminino,22,False,True,False,False,Branca,Urbana,Aprovado,1° EM,False,85.4,6.6,N6,1170.86,False,False,True,False,False,Alto,Bom,Alta,True,Alta,False,3.8,False,Moderado,Ruim,Completa,Baixa,Regular,0.24682579989842557,False
387,False,Feminino,20,False,True,True,False,Parda,Urbana,Evadido,2° EM,False,88.4,5.3,N2,443.57,False,True,False,False,False,Médio,Regular,Alta,True,Baixa,False,2.7,False,Alto,Regular,Parcial,Alta,Regular,0.297613001523616,True
388,False,Masculino,10,False,True,True,False,Branca,Urbana,Aprovado,4° EF,False,84.6,4.6,N3,1253.64,False,False,False,False,False,Médio,Regular,Alta,False,Média,False,4.1,False,Moderado,Ruim,Completa,Média,Boa,0.35246317927882176,False
389,False,Feminino,19,False,True,True,False,Parda,Urbana,Aprovado,7° EF,False,66.1,6.8,N2,454.88,False,True,False,False,False,Médio,Bom,Média,False,Baixa,False,1.3,False,Moderado,Boa,Completa,Média,Regular,0.33468765871000516,False
390,False,Masculino,17,False,True,True,False,Branca,Urbana,Aprovado,2° EM,False,58.3,6.2,N4,951.27,False,False,False,False,False,Médio,Bom,Baixa,False,Média,False,0.2,False,Baixo,Regular,Parcial,Média,Boa,0.4047739969527679,False
391,False,Masculino,19,False,True,True,False,Branca,Rural,Aprovado,3° EF,False,80.6,6.9,N7,713.83,False,False,False,False,False,Baixo,Bom,Alta,False,Alta,False,1.0,False,Moderado,Boa,Completa,Alta,Boa,0.2559674961909599,True
392,True,Feminino,17,False,True,True,False,Preta,Rural,Aprovado,1° EF,False,74.3,6.4,N5,1125.3,False,False,False,False,False,Médio,Ruim,Alta,False,Média,False,4.4,False,Alto,Ruim,Parcial,Baixa,Boa,0.31335703402742504,True
393,True,Outro,12,False,True,True,False,Não declarada,Rural,Aprovado,1° EF,False,53.0,4.7,N7,323.25,False,False,False,False,False,Alto,Bom,Alta,False,Média,False,1.4,False,Moderado,Ruim,Completa,Média,Boa,0.5078720162519045,True
394,False,Feminino,13,False,True,True,False,Branca,Urbana,Aprovado,9° EF,False,95.4,6.9,N7,411.75,False,False,False,False,False,Alto,Bom,Alta,False,Média,False,1.8,False,Alto,Regular,Completa,Baixa,Regular,0.18080243778567795,False
395,False,Feminino,13,True,True,True,False,Parda,Urbana,Aprovado,5° EF,False,84.8,3.6,N1,592.21,False,False,False,False,False,Alto,Bom,Alta,True,Baixa,False,1.2,False,Alto,Ruim,Parcial,Média,Regular,0.4022346368715084,False
396,False,Masculino,16,False,True,True,False,Branca,Urbana,Em andamento,6° EF,True,83.7,7.4,N6,392.33,False,False,False,False,False,Médio,Regular,Média,True,Baixa,False,1.6,True,Baixo,Regular,Parcial,Baixa,Boa,0.3841205349585238,True
397,True,Masculino,15,True,True,True,False,Indígena,Rural,Reprovado,9° EF,False,64.0,8.1,N5,503.39,False,False,True,True,False,Alto,Bom,Baixa,True,Média,False,2.2,False,Baixo,Regular,Completa,Baixa,Boa,0.6179109531064838,True
398,False,Masculino,11,False,True,True,False,Preta,Urbana,Aprovado,6° EF,False,89.5,7.3,N1,427.37,False,False,False,False,False,Médio,Regular,Média,True,Alta,False,2.9,False,Alto,Boa,Completa,Baixa,Regular,0.1904520060944642,False
399,False,Masculino,11,True,False,False,False,Preta,Rural,Em andamento,1° EM,False,91.4,5.4,N7,721.85,False,True,False,False,False,Médio,Bom,Baixa,False,Baixa,False,2.3,False,Moderado,Regular,Parcial,Alta,Regular,0.27729812087353983,False
400,False,Masculino,18,False,True,True,False,Parda,Urbana,Aprovado,2° EM,False,81.4,2.7,N7,757.58,False,False,True,False,False,Alto,Regular,Média,False,Média,False,2.0,False,Alto,Boa,Parcial,Alta,Regular,0.4652107668867445,False
401,False,Masculino,13,False,True,True,False,Branca,Urbana,Aprovado,3° EM,False,97.0,6.6,N6,994.91,False,False,False,False,False,Alto,Bom,Média,False,Baixa,False,1.5,False,Alto,Boa,Parcial,Média,Boa,0.18791264601320468,False
402,False,Feminino,12,True,True,True,True,Parda,Urbana,Reprovado,2° EM,False,97.4,7.8,N3,795.97,False,False,False,False,False,Alto,Regular,Baixa,False,Média,False,2.3,False,Alto,Boa,Parcial,Alta,Boa,0.1249365159979685,False
403,False,Feminino,14,False,True,True,False,Preta,Rural,Aprovado,3° EM,False,59.1,9.0,N1,401.87,False,False,False,False,False,Alto,Bom,Média,False,Alta,False,1.3,False,Moderado,Boa,Completa,Alta,Boa,0.2585068562722194,True
404,False,Masculino,10,False,True,True,False,Parda,Urbana,Aprovado,2° EM,False,57.5,5.9,N5,521.93,False,False,False,False,False,Baixo,Ruim,Alta,True,Alta,False,2.2,True,Alto,Regular,Completa,Alta,Boa,0.42407313357034027,False
405,False,Feminino,17,False,True,False,False,Branca,Urbana,Aprovado,9° EF,False,63.3,8.9,N2,765.06,False,False,True,False,False,Médio,Regular,Média,False,Média,False,0.8,False,Alto,Boa,Parcial,Média,Ruim,0.24225495175215847,False
406,False,Feminino,18,True,True,False,False,Parda,Urbana,Aprovado,2° EM,False,93.3,5.3,N2,2106.07,False,False,False,False,False,Médio,Bom,Média,False,Baixa,False,3.0,False,Alto,Regular,Parcial,Média,Regular,0.27272727272727276,False
407,False,Outro,22,True,True,True,False,Parda,Urbana,Em andamento,9° EF,False,86.8,5.5,N5,463.11,False,False,False,False,False,Alto,Bom,Média,False,Média,False,0.8,False,Moderado,Ruim,Parcial,Média,Boa,0.2955815134586085,False
408,False,Masculino,10,False,True,False,False,Branca,Urbana,Evadido,6° EF,False,67.7,6.7,N1,742.16,False,False,False,False,False,Baixo,Ruim,Baixa,True,Alta,True,2.4,False,Alto,Boa,Completa,Média,Boa,0.3316404266124936,False
409,False,Feminino,20,True,True,True,False,Branca,Urbana,Aprovado,6° EF,False,58.5,8.1,N6,488.81,True,False,False,False,False,Alto,Bom,Alta,False,Alta,False,1.0,True,Alto,Regular,Completa,Alta,Regular,0.4765532419163704,False
410,False,Feminino,19,False,True,True,False,Parda,Urbana,Aprovado,2° EM,False,57.4,7.3,N6,1179.87,False,False,False,False,False,Alto,Ruim,Alta,False,Baixa,False,1.7,False,Baixo,Boa,Completa,Média,Regular,0.3534789233113255,False
411,False,Masculino,17,False,True,True,False,Branca,Rural,Reprovado,3° EM,False,89.2,4.6,N2,163.3,True,True,False,True,False,Médio,Bom,Alta,False,Alta,False,2.2,True,Alto,Boa,Parcial,Alta,Ruim,0.8369730827831386,False
412,False,Feminino,14,False,True,False,False,Parda,Urbana,Reprovado,2° EM,False,66.9,7.9,N5,1111.02,False,True,False,False,False,Médio,Bom,Alta,False,Alta,False,0.7,False,Moderado,Boa,Completa,Média,Ruim,0.2747587607922803,False
413,True,Feminino,21,True,True,True,False,Branca,Urbana,Aprovado,7° EF,False,55.7,9.4,N5,637.21,False,False,False,False,False,Alto,Bom,Média,False,Baixa,False,2.5,False,Baixo,Boa,Parcial,Média,Boa,0.2554596241747079,False
414,False,Feminino,18,True,True,False,False,Preta,Urbana,Aprovado,6° EF,False,90.7,7.2,N7,459.58,False,False,False,False,False,Baixo,Bom,Alta,False,Média,True,2.6,False,Baixo,Boa,Completa,Média,Regular,0.18943626206196035,False
415,False,Masculino,20,True,True,True,False,Branca,Urbana,Aprovado,8° EF,False,69.8,9.8,N7,1054.43,False,False,False,False,False,Médio,Regular,Alta,True,Alta,False,3.1,False,Alto,Boa,Parcial,Alta,Boa,0.16353478923311324,False
416,False,Feminino,17,False,False,True,False,Parda,Urbana,Reprovado,2° EM,False,65.8,6.2,N6,561.6,False,False,False,True,False,Baixo,Bom,Alta,False,Baixa,False,3.3,False,Alto,Ruim,Completa,Alta,Boa,0.7052649399018115,True
417,False,Masculino,19,False,True,False,False,Parda,Urbana,Aprovado,2° EM,True,89.5,7.4,N6,924.93,False,False,False,False,False,Médio,Bom,Baixa,False,Baixa,False,1.4,False,Moderado,Regular,Completa,Alta,Ruim,0.3546639580159133,True
418,False,Masculino,10,True,True,True,False,Branca,Urbana,Aprovado,2° EM,False,83.4,3.4,N3,579.82,False,True,True,False,False,Alto,Regular,Média,False,Média,False,2.0,False,Alto,Boa,Insuficiente,Média,Ruim,0.4195022854240731,False
419,False,Feminino,11,False,True,False,False,Branca,Urbana,Aprovado,7° EF,True,77.9,4.9,N7,620.31,False,True,False,False,True,Alto,Bom,Média,False,Alta,False,1.7,False,Moderado,Boa,Completa,Alta,Regular,0.5405451159641104,False
420,False,Masculino,18,False,True,False,False,Parda,Rural,Aprovado,8° EF,False,92.6,7.2,N1,1571.34,True,False,False,False,False,Alto,Ruim,Baixa,False,Média,False,3.7,False,Alto,Regular,Insuficiente,Média,Ruim,0.3490773658371424,False
421,True,Masculino,11,False,True,True,False,Parda,Urbana,Aprovado,3° EF,False,85.6,7.1,N6,549.54,False,False,False,False,False,Alto,Ruim,Alta,False,Alta,False,2.2,False,Moderado,Regular,Completa,Baixa,Boa,0.22041645505332658,False
422,False,Outro,21,False,True,True,False,Parda,Rural,Reprovado,3° EM,False,96.2,4.6,N4,669.13,True,False,False,False,False,Baixo,Bom,Alta,False,Média,False,2.6,False,Alto,Regular,Completa,Baixa,Boa,0.46284069747756895,True
423,False,Feminino,20,False,False,True,False,Parda,Urbana,Reprovado,5° EF,False,91.4,6.5,N1,934.92,True,True,True,False,False,Alto,Ruim,Baixa,False,Baixa,False,0.9,False,Moderado,Boa,Parcial,Alta,Regular,0.3907228711697985,True
424,False,Masculino,16,False,True,True,True,Parda,Urbana,Aprovado,1° EM,False,74.3,7.8,N3,1221.15,False,False,False,False,False,Médio,Bom,Média,True,Média,False,2.3,False,Alto,Boa,Insuficiente,Alta,Regular,0.24225495175215847,False
425,False,Masculino,20,False,True,False,False,Branca,Rural,Aprovado,9° EF,False,83.4,8.0,N5,533.96,False,True,False,False,False,Médio,Regular,Baixa,False,Baixa,True,3.1,False,Baixo,Boa,Completa,Baixa,Boa,0.185881157948197,False
426,True,Masculino,17,True,True,True,False,Branca,Urbana,Reprovado,3° EF,False,87.5,8.2,N1,235.83,False,False,False,False,False,Médio,Ruim,Média,True,Média,True,1.4,False,Alto,Boa,Completa,Alta,Boa,0.15490096495683092,False
427,False,Feminino,22,False,True,True,False,Parda,Urbana,Aprovado,9° EF,False,80.8,3.5,N5,1000.23,False,False,False,False,False,Médio,Bom,Baixa,True,Baixa,False,2.5,False,Moderado,Ruim,Parcial,Média,Regular,0.4276282376841036,False
428,False,Feminino,14,False,True,True,True,Parda,Urbana,Aprovado,2° EM,False,75.8,6.5,N2,835.93,True,False,False,False,False,Alto,Regular,Alta,False,Alta,False,0.6,False,Alto,Boa,Completa,Média,Boa,0.46995090570509557,True
429,False,Feminino,16,False,True,True,False,Parda,Urbana,Aprovado,1° EM,False,96.2,6.7,N6,1003.56,False,False,False,False,False,Médio,Bom,Média,False,Alta,False,1.5,True,Alto,Regular,Parcial,Baixa,Boa,0.18689690198070083,False
430,True,Masculino,16,True,True,True,False,Não declarada,Urbana,Aprovado,9° EF,False,51.2,6.4,N2,417.29,False,False,False,False,False,Médio,Bom,Baixa,True,Média,False,3.4,False,Moderado,Ruim,Completa,Alta,Ruim,0.4306754697816151,True
431,False,Feminino,17,False,True,True,False,Branca,Urbana,Evadido,7° EF,False,70.4,7.0,N6,992.99,False,False,False,False,False,Médio,Regular,Baixa,False,Alta,True,2.5,False,Baixo,Regular,Completa,Média,Boa,0.302691721686135,False
432,False,Feminino,15,False,True,True,False,Preta,Rural,Aprovado,3° EM,False,98.4,4.7,N2,565.01,False,False,False,False,False,Médio,Ruim,Alta,False,Alta,False,1.7,False,Moderado,Ruim,Completa,Baixa,Regular,0.27729812087353983,True
433,False,Masculino,10,True,True,True,False,Branca,Urbana,Evadido,1° EM,False,93.4,5.2,N4,483.22,False,False,False,False,False,Médio,Regular,Alta,True,Alta,False,3.1,False,Moderado,Boa,Completa,Baixa,Boa,0.27729812087353983,True
434,False,Feminino,21,False,True,False,False,Preta,Urbana,Reprovado,3° EM,False,63.9,4.8,N6,590.58,False,False,False,False,False,Baixo,Ruim,Média,False,Média,False,1.4,False,Moderado,Boa,Completa,Baixa,Boa,0.44743524631792786,True
435,False,Masculino,13,False,True,False,False,Preta,Urbana,Aprovado,2° EM,False,99.6,4.6,N2,1439.63,False,False,False,False,False,Médio,Bom,Média,True,Média,False,0.8,False,Moderado,Boa,Parcial,Média,Boa,0.27628237684103607,False
436,False,Masculino,16,False,True,True,False,Parda,Urbana,Evadido,3° EM,False,69.3,8.2,N5,523.31,False,False,False,False,False,Médio,Regular,Média,False,Alta,False,1.2,False,Baixo,Regular,Insuficiente,Baixa,Regular,0.24733367191467756,False
437,False,Masculino,14,False,True,True,False,Branca,Urbana,Aprovado,1° EM,False,68.0,10.3,N4,717.76,False,False,False,False,False,Baixo,Bom,Alta,False,Alta,False,1.4,False,Moderado,Ruim,Completa,Alta,Boa,0.1472828847130523,False
438,False,Feminino,18,False,True,True,False,Branca,Urbana,Aprovado,1° EM,False,67.2,4.2,N2,568.62,False,False,True,False,False,Baixo,Regular,Média,False,Alta,False,2.2,True,Alto,Boa,Insuficiente,Alta,Boa,0.46114779075672924,True
439,True,Masculino,14,False,True,True,False,Parda,Urbana,Reprovado,9° EF,False,77.7,6.8,N1,1465.58,False,False,False,False,False,Baixo,Regular,Média,False,Baixa,False,2.2,False,Alto,Boa,Parcial,Média,Boa,0.27577450482478416,False
440,False,Feminino,11,False,False,True,False,Branca,Urbana,Aprovado,3° EM,False,94.8,4.7,N3,642.56,False,False,False,False,False,Baixo,Regular,Média,True,Alta,False,1.5,False,Alto,Boa,Completa,Baixa,Boa,0.29558151345860845,False
441,False,Feminino,20,False,True,False,False,Parda,Urbana,Aprovado,2° EM,False,87.8,4.2,N6,514.56,False,False,False,False,False,Médio,Bom,Média,False,Baixa,False,2.3,False,Baixo,Boa,Completa,Média,Regular,0.356526155408837,False
442,False,Feminino,20,False,False,True,False,Parda,Urbana,Reprovado,2° EM,False,78.3,7.8,N1,1238.12,False,False,True,False,False,Baixo,Bom,Média,True,Média,False,1.0,False,Alto,Regular,Parcial,Baixa,Regular,0.22194007110208228,False
443,True,Feminino,17,False,True,True,False,Parda,Urbana,Aprovado,7° EF,False,95.8,5.4,N7,631.75,False,False,False,False,True,Alto,Regular,Alta,False,Alta,True,0.1,False,Moderado,Boa,Parcial,Alta,Regular,0.25495175215845606,False
444,True,Masculino,18,False,True,False,False,Parda,Urbana,Aprovado,7° EF,False,57.1,4.6,N3,539.99,True,False,False,True,False,Alto,Bom,Alta,False,Baixa,False,2.4,False,Moderado,Boa,Parcial,Alta,Regular,1.0,True
445,False,Masculino,11,False,True,False,False,Preta,Urbana,Aprovado,2° EM,False,85.3,6.2,N4,1262.43,False,False,False,False,False,Alto,Ruim,Baixa,False,Média,False,1.7,False,Alto,Boa,Completa,Média,Boa,0.2676485525647537,False
446,False,Masculino,17,True,True,True,False,Branca,Urbana,Aprovado,1° EM,False,93.7,7.5,N7,756.14,False,False,True,False,False,Médio,Bom,Média,False,Alta,False,1.7,False,Moderado,Boa,Completa,Baixa,Ruim,0.15896394108684608,False
447,True,Masculino,21,False,True,False,False,Branca,Urbana,Evadido,9° EF,False,59.9,8.8,N4,800.68,False,False,False,False,False,Médio,Bom,Alta,False,Alta,True,2.9,False,Moderado,Boa,Completa,Média,Ruim,0.2646013204672422,False
448,False,Masculino,14,True,True,False,False,Preta,Rural,Aprovado,2° EM,False,53.9,5.5,N5,771.41,False,True,False,False,False,Médio,Regular,Média,False,Alta,False,1.5,True,Moderado,Boa,Parcial,Alta,Boa,0.462671406805485,False
449,False,Masculino,12,False,True,True,False,Parda,Urbana,Aprovado,1° EM,False,70.8,8.4,N6,837.45,False,True,False,False,True,Médio,Bom,Alta,True,Alta,True,0.8,True,Moderado,Regular,Completa,Média,Boa,0.22955815134586083,False
450,False,Feminino,11,True,True,True,False,Branca,Rural,Aprovado,1° EM,False,74.2,7.5,N6,587.21,True,False,False,False,False,Médio,Bom,Alta,True,Alta,True,1.3,False,Baixo,Boa,Parcial,Baixa,Regular,0.4272896563399356,False
451,False,Feminino,19,False,True,False,False,Parda,Urbana,Aprovado,2° EM,False,76.2,5.6,N5,455.04,False,False,False,False,False,Médio,Bom,Média,True,Média,False,2.5,False,Moderado,Boa,Completa,Média,Ruim,0.34433722701879127,True
452,False,Masculino,10,True,True,True,False,Parda,Rural,Aprovado,1° EM,False,60.2,6.5,N1,337.64,False,False,True,True,False,Alto,Bom,Alta,False,Alta,False,2.3,True,Alto,Boa,Completa,Alta,Boa,0.7184696123243609,False
453,False,Masculino,15,True,True,True,False,Branca,Urbana,Aprovado,9° EF,False,91.5,7.4,N5,517.67,False,False,False,False,False,Baixo,Ruim,Média,False,Alta,False,2.7,False,Alto,Boa,Insuficiente,Alta,Boa,0.17521584560690703,False
454,False,Feminino,10,False,True,True,False,Parda,Urbana,Aprovado,1° EM,False,55.6,7.8,N1,325.79,False,False,False,True,False,Médio,Regular,Baixa,False,Baixa,False,2.6,False,Baixo,Ruim,Parcial,Média,Ruim,0.675808362959201,True
455,False,Feminino,15,True,True,True,True,Branca,Urbana,Evadido,3° EM,False,73.3,4.9,N1,1504.07,False,False,False,False,False,Médio,Regular,Baixa,False,Alta,False,2.5,False,Moderado,Regular,Completa,Baixa,Ruim,0.3946165566277298,False
456,False,Masculino,19,False,True,True,True,Branca,Urbana,Em andamento,2° EM,False,51.1,6.8,N1,540.97,False,False,False,False,False,Baixo,Bom,Alta,False,Média,False,1.3,False,Alto,Ruim,Completa,Alta,Boa,0.41086846114779074,True
457,False,Masculino,19,False,True,True,False,Branca,Urbana,Aprovado,3° EM,False,86.9,8.9,N4,1729.41,True,False,False,False,False,Baixo,Bom,Média,False,Baixa,False,0.9,False,Moderado,Boa,Parcial,Alta,Regular,0.2916878280006771,False
458,False,Feminino,20,True,True,False,False,Parda,Urbana,Aprovado,9° EF,False,92.2,5.9,N4,862.83,False,False,False,False,False,Baixo,Ruim,Alta,False,Baixa,False,1.2,False,Moderado,Ruim,Parcial,Alta,Ruim,0.24784154393092936,False
459,True,Masculino,14,False,True,True,False,Parda,Rural,Aprovado,5° EF,False,87.9,8.1,N6,569.73,False,False,False,False,False,Alto,Bom,Alta,True,Baixa,False,2.2,False,Alto,Boa,Parcial,Alta,Regular,0.1579481970543423,False
460,False,Masculino,22,False,True,True,False,Parda,Urbana,Aprovado,1° EM,False,56.0,7.8,N7,705.45,False,False,False,False,False,Alto,Ruim,Baixa,False,Média,False,1.3,False,Baixo,Boa,Completa,Baixa,Boa,0.335195530726257,True
461,False,Masculino,12,True,True,True,False,Parda,Urbana,Evadido,5° EF,False,67.6,4.5,N6,1437.46,False,False,False,False,False,Alto,Bom,Alta,False,Média,False,3.0,False,Alto,Ruim,Completa,Média,Boa,0.4438801422041646,True
462,False,Feminino,22,False,True,False,False,Branca,Urbana,Aprovado,2° EM,False,70.5,5.5,N6,1764.03,True,False,False,False,False,Médio,Ruim,Alta,True,Alta,False,1.8,True,Moderado,Boa,Completa,Alta,Boa,0.5476553241916371,False
463,False,Masculino,15,False,True,True,False,Branca,Urbana,Aprovado,9° EF,False,58.5,7.3,N2,558.05,False,False,False,False,False,Médio,Regular,Baixa,True,Alta,True,2.4,False,Alto,Boa,Completa,Baixa,Regular,0.3478923311325546,False
464,False,Masculino,12,True,True,False,False,Branca,Urbana,Reprovado,1° EF,True,66.8,7.5,N2,445.6,False,False,False,False,False,Médio,Regular,Baixa,True,Alta,False,2.7,False,Baixo,Boa,Completa,Alta,Regular,0.46487218554257664,True
465,True,Masculino,18,False,True,True,False,Branca,Urbana,Aprovado,5° EF,False,93.5,6.0,N4,692.05,False,False,False,False,False,Médio,Ruim,Baixa,False,Alta,False,0.5,True,Alto,Boa,Completa,Média,Boa,0.23616048755713556,False
466,False,Masculino,17,True,True,False,True,Branca,Urbana,Aprovado,2° EM,True,88.1,7.0,N5,1059.42,False,False,False,False,False,Médio,Ruim,Baixa,False,Média,False,3.4,False,Baixo,Regular,Insuficiente,Alta,Boa,0.3820890468935162,False
467,False,Feminino,17,True,True,True,False,Parda,Urbana,Reprovado,9° EF,False,64.6,5.6,N3,347.37,False,False,False,False,True,Médio,Regular,Alta,False,Média,False,2.0,False,Alto,Boa,Parcial,Média,Regular,0.4032503809040122,True
468,False,Feminino,19,True,True,False,False,Parda,Urbana,Aprovado,2° EM,False,75.8,6.9,N3,499.07,False,False,False,False,False,Alto,Ruim,Média,False,Alta,False,1.4,True,Moderado,Boa,Completa,Média,Boa,0.28034535297105123,False
469,False,Masculino,14,False,True,True,False,Preta,Urbana,Em andamento,1° EM,False,57.5,7.0,N4,1131.99,False,False,False,False,False,Médio,Bom,Alta,False,Alta,False,1.2,False,Baixo,Regular,Completa,Baixa,Boa,0.36820721178263077,False
470,False,Outro,20,False,True,True,False,Amarela,Urbana,Aprovado,1° EM,False,63.9,7.7,N6,1463.61,False,False,False,False,False,Alto,Bom,Alta,False,Alta,False,1.1,False,Alto,Ruim,Completa,Alta,Regular,0.3001523616048756,True
471,False,Feminino,12,True,True,True,False,Parda,Urbana,Aprovado,7° EF,False,79.3,5.8,N4,630.5,True,False,False,False,False,Baixo,Ruim,Média,False,Alta,False,3.3,False,Alto,Regular,Completa,Alta,Regular,0.48772642627391233,True
472,False,Feminino,20,True,True,True,False,Preta,Rural,Em andamento,9° EF,False,62.4,6.5,N4,674.3,True,False,False,False,False,Alto,Ruim,Média,False,Média,False,1.1,False,Alto,Ruim,Completa,Média,Boa,0.5380057558828508,False
473,False,Feminino,14,True,True,True,False,Branca,Urbana,Aprovado,2° EM,False,78.5,5.5,N2,811.28,False,False,False,False,False,Alto,Bom,Alta,True,Alta,False,3.3,False,Baixo,Regular,Completa,Média,Regular,0.3377348908075165,True
474,True,Outro,14,False,True,True,False,Parda,Urbana,Evadido,5° EF,False,58.5,6.9,N6,441.35,False,False,False,False,True,Médio,Ruim,Alta,True,Alta,False,1.4,False,Alto,Boa,Completa,Alta,Boa,0.3682072117826307,False
475,False,Masculino,18,False,True,True,False,Branca,Urbana,Aprovado,1° EF,False,64.0,8.2,N6,622.85,False,False,False,False,False,Alto,Ruim,Média,False,Baixa,False,1.3,False,Baixo,Boa,Completa,Baixa,Regular,0.2742508887760285,False
476,False,Masculino,22,False,True,True,False,Branca,Urbana,Aprovado,2° EM,False,51.2,7.7,N2,384.33,False,True,True,False,False,Médio,Ruim,Média,False,Baixa,False,1.5,False,Alto,Ruim,Completa,Média,Ruim,0.3646521076688674,False
477,False,Masculino,18,True,True,False,False,Branca,Rural,Aprovado,8° EF,False,63.6,6.8,N7,580.94,True,False,False,False,False,Médio,Regular,Média,False,Alta,False,3.0,False,Alto,Boa,Completa,Baixa,Boa,0.5166751312002709,True
478,False,Feminino,22,True,True,True,False,Branca,Rural,Reprovado,3° EM,False,58.5,7.7,N1,370.89,False,False,False,False,False,Alto,Bom,Alta,False,Alta,False,0.0,False,Alto,Regular,Insuficiente,Alta,Boa,0.3275774504824784,False
479,False,Feminino,18,True,True,False,False,Branca,Rural,Aprovado,8° EF,False,75.9,4.5,N4,1245.1,False,False,False,False,False,Alto,Regular,Média,True,Média,False,2.6,False,Baixo,Boa,Parcial,Alta,Regular,0.40172676485525644,False
480,False,Feminino,12,True,True,False,False,Branca,Urbana,Reprovado,2° EM,False,52.4,5.9,N2,628.45,False,True,False,False,False,Baixo,Bom,Alta,False,Alta,True,1.8,False,Baixo,Boa,Completa,Alta,Boa,0.44997460639918735,False
481,False,Masculino,18,False,True,True,False,Branca,Urbana,Reprovado,9° EF,True,83.4,8.2,N6,1101.59,False,False,False,False,False,Alto,Bom,Média,True,Alta,False,2.8,False,Baixo,Boa,Completa,Média,Boa,0.34501438970712717,True
482,False,Feminino,20,False,True,True,False,Branca,Urbana,Reprovado,2° EM,False,63.9,5.5,N3,2007.46,False,False,False,False,False,Alto,Bom,Alta,False,Média,False,1.3,False,Alto,Boa,Completa,Média,Boa,0.4118842051802946,False
483,False,Feminino,17,False,True,False,False,Parda,Urbana,Evadido,2° EM,False,57.0,5.6,N3,332.11,False,False,False,True,True,Alto,Bom,Baixa,False,Alta,True,1.4,True,Baixo,Ruim,Completa,Média,Boa,0.7804299983070934,True
484,False,Feminino,10,False,False,True,False,Parda,Urbana,Aprovado,6° EF,False,60.3,6.6,N3,706.65,False,True,True,False,False,Alto,Ruim,Alta,False,Alta,False,3.4,False,Moderado,Boa,Parcial,Média,Boa,0.3743016759776537,True
485,False,Feminino,10,False,True,True,False,Branca,Urbana,Aprovado,6° EF,False,75.2,7.4,N2,882.44,True,False,False,False,False,Médio,Bom,Alta,False,Alta,False,1.0,False,Moderado,Regular,Completa,Alta,Ruim,0.4272896563399356,False
486,False,Masculino,19,True,True,True,False,Não declarada,Urbana,Aprovado,2° EM,False,76.7,7.7,N1,809.79,False,False,False,False,False,Alto,Bom,Baixa,False,Alta,False,1.0,False,Alto,Boa,Insuficiente,Média,Ruim,0.23514474352463174,False
487,True,Masculino,18,False,False,True,False,Branca,Urbana,Aprovado,3° EM,False,99.8,8.6,N6,515.32,False,False,False,False,False,Baixo,Ruim,Alta,True,Alta,False,3.2,False,Alto,Boa,Completa,Baixa,Regular,0.07211782630777047,False
488,False,Feminino,15,False,True,False,False,Branca,Urbana,Evadido,6° EF,False,75.3,7.8,N3,488.93,False,False,False,False,False,Alto,Ruim,Alta,False,Alta,False,1.1,False,Alto,Boa,Parcial,Média,Boa,0.2371762315896394,True
489,False,Feminino,21,False,True,False,False,Parda,Urbana,Aprovado,2° EM,False,79.5,6.6,N1,593.81,False,False,True,False,False,Médio,Regular,Alta,False,Alta,False,2.8,False,Alto,Boa,Completa,Alta,Boa,0.276790248857288,False
490,False,Feminino,12,False,True,True,False,Parda,Rural,Aprovado,9° EF,False,74.0,6.4,N7,1677.56,False,False,False,False,False,Alto,Bom,Alta,True,Alta,False,1.2,False,Moderado,Boa,Completa,Média,Ruim,0.3148806500761808,True
491,False,Masculino,10,False,True,False,False,Parda,Urbana,Aprovado,2° EM,False,58.0,6.0,N2,659.63,False,False,False,False,False,Alto,Bom,Alta,True,Média,False,3.0,True,Baixo,Regular,Parcial,Alta,Boa,0.4164550533265617,False
492,True,Masculino,17,False,True,False,False,Branca,Urbana,Aprovado,6° EF,False,80.0,7.2,N5,839.8,True,False,False,False,False,Baixo,Bom,Baixa,True,Baixa,False,1.2,False,Baixo,Boa,Completa,Baixa,Regular,0.4130692398848823,True
493,False,Masculino,21,False,True,True,False,Parda,Urbana,Aprovado,5° EF,False,60.8,5.7,N5,909.62,False,False,False,False,False,Médio,Bom,Alta,True,Alta,False,2.9,False,Alto,Boa,Completa,Alta,Boa,0.4174707973590655,True
494,False,Masculino,13,False,True,True,False,Parda,Urbana,Aprovado,3° EM,False,70.4,6.1,N5,306.58,False,False,False,False,False,Alto,Bom,Alta,True,Baixa,False,3.8,False,Alto,Regular,Completa,Alta,Ruim,0.3484002031488065,False
495,False,Masculino,15,False,True,True,True,Branca,Urbana,Em andamento,3° EM,False,62.1,7.1,N2,1126.15,False,False,False,False,False,Médio,Bom,Baixa,False,Média,False,0.9,False,Moderado,Boa,Completa,Baixa,Regular,0.3397663788725241,False
496,False,Masculino,10,True,True,False,False,Preta,Urbana,Aprovado,3° EM,False,63.3,7.8,N5,668.47,True,False,False,False,False,Baixo,Bom,Alta,True,Alta,False,2.2,False,Moderado,Boa,Completa,Alta,Ruim,0.46741154562383613,False
497,False,Masculino,12,False,True,True,False,Branca,Urbana,Reprovado,2° EM,False,55.6,6.1,N2,1919.72,False,False,False,False,False,Médio,Bom,Média,False,Média,False,2.7,False,Moderado,Boa,Completa,Baixa,Boa,0.42356526155408836,False
498,False,Masculino,17,True,True,True,False,Parda,Urbana,Aprovado,2° EM,False,65.9,8.5,N1,1185.68,False,False,False,False,False,Médio,Ruim,Alta,False,Alta,False,2.0,False,Alto,Regular,Completa,Baixa,Regular,0.24936515997968509,False
499,False,Feminino,20,False,True,False,False,Branca,Urbana,Reprovado,2° EM,False,63.6,9.1,N6,730.28,False,False,False,False,False,Alto,Bom,Alta,False,Alta,False,1.9,False,Moderado,Boa,Parcial,Média,Boa,0.23057389537836462,False
500,False,Feminino,20,False,True,False,False,Parda,Urbana,Reprovado,2° EM,True,87.9,6.0,N6,781.84,False,False,True,True,False,Médio,Bom,Alta,False,Alta,False,1.6,True,Alto,Boa,Completa,Alta,Regular,0.7724733367191468,True
501,False,Outro,12,False,True,True,False,Parda,Urbana,Aprovado,4° EF,False,55.2,2.5,N4,2888.82,False,False,False,False,False,Alto,Bom,Baixa,False,Alta,False,0.1,False,Moderado,Regular,Parcial,Média,Regular,0.6084306754697815,True
502,False,Masculino,16,False,True,True,False,Branca,Urbana,Aprovado,2° EM,False,63.4,8.4,N3,616.59,True,False,False,False,False,Alto,Ruim,Média,False,Média,False,3.2,True,Moderado,Boa,Completa,Média,Boa,0.43643135263247,False
503,False,Masculino,11,False,True,True,False,Parda,Urbana,Aprovado,1° EM,False,62.9,7.3,N5,461.09,False,True,False,False,False,Alto,Regular,Baixa,False,Alta,False,2.3,False,Baixo,Boa,Parcial,Alta,Boa,0.3255459624174708,False
504,False,Feminino,14,False,True,False,False,Branca,Urbana,Reprovado,4° EF,False,58.3,6.9,N4,490.76,True,True,True,False,False,Médio,Bom,Baixa,False,Média,False,1.7,False,Baixo,Boa,Parcial,Alta,Ruim,0.5385136278991028,True
505,False,Feminino,17,True,True,True,False,Parda,Urbana,Aprovado,2° EM,False,94.2,4.1,N2,921.2,False,True,False,False,False,Alto,Regular,Alta,False,Alta,False,0.3,False,Alto,Boa,Insuficiente,Alta,Regular,0.32910106653123417,False
506,False,Masculino,21,True,True,False,False,Parda,Urbana,Aprovado,1° EM,False,62.5,7.3,N5,949.75,True,False,False,False,False,Baixo,Ruim,Alta,False,Média,False,3.1,False,Alto,Boa,Completa,Alta,Ruim,0.4968681225664466,True
507,True,Masculino,10,False,True,True,False,Parda,Urbana,Evadido,9° EF,False,55.5,9.0,N6,478.43,False,False,False,False,False,Alto,Bom,Alta,True,Alta,False,1.5,False,Alto,Boa,Completa,Média,Ruim,0.276790248857288,False
508,False,Feminino,21,False,True,False,False,Parda,Urbana,Aprovado,1° EM,False,94.6,4.4,N4,952.92,True,False,False,False,True,Médio,Ruim,Alta,False,Baixa,False,2.2,False,Moderado,Ruim,Completa,Baixa,Boa,0.48112409006263757,False
509,False,Masculino,12,False,True,True,True,Branca,Urbana,Aprovado,2° EM,False,93.9,6.9,N5,892.05,False,False,False,False,False,Alto,Regular,Alta,False,Baixa,True,1.6,True,Alto,Ruim,Completa,Média,Boa,0.18842051802945653,False
510,False,Feminino,14,False,True,True,False,Branca,Urbana,Aprovado,2° EM,False,81.6,7.9,N5,441.38,True,False,False,False,False,Médio,Regular,Alta,False,Baixa,False,2.1,False,Moderado,Regular,Completa,Alta,Ruim,0.3693922464872186,False
511,False,Masculino,17,False,True,False,False,Branca,Urbana,Em andamento,2° EM,False,66.7,6.3,N2,304.06,False,False,False,True,False,Baixo,Bom,Média,True,Baixa,False,3.6,True,Moderado,Regular,Completa,Baixa,Regular,0.6956153715930252,False
512,False,Feminino,20,False,True,True,False,Indígena,Rural,Evadido,3° EM,False,81.0,5.8,N1,583.49,False,False,False,False,False,Médio,Ruim,Alta,False,Alta,False,3.5,True,Moderado,Boa,Parcial,Alta,Boa,0.30980192991366173,True
513,False,Masculino,22,False,True,False,False,Parda,Rural,Aprovado,3° EM,False,57.0,5.8,N3,321.33,False,False,False,False,False,Alto,Bom,Baixa,False,Alta,False,1.7,False,Baixo,Boa,Completa,Alta,Boa,0.43169121381411885,True
514,False,Feminino,14,True,True,True,False,Parda,Urbana,Aprovado,1° EM,False,89.8,7.3,N4,674.63,False,False,False,False,False,Baixo,Bom,Alta,False,Alta,False,2.9,False,Moderado,Boa,Completa,Média,Regular,0.1889283900457085,False
515,False,Masculino,18,False,True,True,False,Parda,Urbana,Aprovado,2° EM,False,99.6,6.9,N5,1388.62,True,False,False,False,False,Alto,Regular,Alta,False,Alta,False,1.5,False,Moderado,Boa,Completa,Baixa,Boa,0.3287624851870662,True
516,False,Feminino,14,True,True,True,True,Parda,Rural,Aprovado,9° EF,False,69.4,8.0,N1,392.33,False,False,False,True,False,Baixo,Ruim,Alta,True,Baixa,False,3.5,False,Alto,Boa,Completa,Média,Regular,0.5955645843914,True
517,False,Masculino,17,True,True,True,False,Parda,Urbana,Aprovado,8° EF,False,94.5,7.2,N3,1025.68,False,True,False,False,False,Médio,Bom,Alta,False,Alta,False,2.6,False,Moderado,Regular,Parcial,Alta,Boa,0.170137125444388,False
518,False,Masculino,17,True,True,False,False,Parda,Urbana,Aprovado,2° EM,False,76.5,6.5,N1,447.56,False,False,False,False,False,Médio,Bom,Alta,True,Alta,False,4.9,False,Moderado,Regular,Parcial,Alta,Ruim,0.2971051295073641,False
519,False,Masculino,18,False,False,False,False,Branca,Urbana,Aprovado,2° EM,False,71.9,9.2,N2,627.72,True,False,False,False,False,Alto,Bom,Alta,True,Alta,False,1.1,False,Alto,Boa,Insuficiente,Alta,Boa,0.3526324699509057,False
520,False,Feminino,21,False,True,True,False,Parda,Urbana,Evadido,1° EM,False,60.4,6.4,N6,370.08,False,False,False,False,False,Médio,Bom,Alta,False,Média,False,1.8,False,Moderado,Boa,Completa,Média,Regular,0.38395124428643984,True
521,False,Masculino,20,False,True,True,False,Preta,Urbana,Em andamento,2° EM,False,71.2,10.7,N4,307.09,False,False,False,False,False,Médio,Bom,Baixa,False,Média,False,0.2,False,Moderado,Boa,Parcial,Média,Boa,0.11071609954291521,False
522,False,Outro,18,False,True,True,False,Amarela,Urbana,Aprovado,2° EM,False,93.7,6.0,N2,305.89,False,False,False,False,False,Médio,Bom,Baixa,False,Alta,False,1.5,False,Baixo,Boa,Completa,Alta,Boa,0.23514474352463177,False
523,False,Feminino,22,False,False,True,False,Amarela,Urbana,Evadido,2° EM,False,99.4,8.6,N3,864.0,False,False,False,False,False,Alto,Bom,Alta,False,Alta,False,1.9,False,Baixo,Boa,Parcial,Média,Boa,0.07414931437277805,False
524,False,Masculino,21,False,True,True,False,Indígena,Urbana,Reprovado,6° EF,False,63.9,8.3,N1,1600.82,False,False,True,False,False,Alto,Regular,Baixa,False,Alta,False,2.1,False,Alto,Boa,Completa,Média,Regular,0.26968004062976125,False
525,False,Feminino,16,True,True,True,False,Parda,Urbana,Aprovado,3° EM,False,98.5,7.0,N3,542.67,False,False,False,False,True,Baixo,Regular,Alta,True,Alta,False,2.3,True,Moderado,Boa,Parcial,Média,Boa,0.15997968511934993,False
526,True,Masculino,12,False,True,True,False,Branca,Urbana,Aprovado,9° EF,False,83.6,7.1,N5,1416.55,False,False,False,False,False,Alto,Bom,Alta,False,Baixa,False,1.4,False,Alto,Regular,Completa,Média,Boa,0.23057389537836467,False
527,False,Feminino,11,True,False,True,False,Branca,Urbana,Aprovado,5° EF,False,83.0,8.0,N3,542.31,False,True,True,False,False,Alto,Bom,Média,True,Baixa,False,1.3,False,Moderado,Boa,Insuficiente,Alta,Boa,0.18791264601320468,False
528,False,Masculino,11,False,True,True,False,Não declarada,Urbana,Aprovado,2° EM,False,86.2,9.0,N3,427.13,False,False,False,False,False,Médio,Ruim,Alta,True,Baixa,False,0.2,True,Baixo,Regular,Completa,Média,Boa,0.12087353986795327,False
529,False,Masculino,10,False,True,False,False,Branca,Rural,Aprovado,1° EM,False,55.5,6.9,N4,370.5,False,False,False,False,False,Alto,Bom,Alta,False,Alta,True,1.9,False,Alto,Regular,Parcial,Média,Regular,0.3834433722701879,False
530,False,Feminino,12,True,False,False,False,Parda,Urbana,Aprovado,3° EM,False,57.2,4.8,N1,351.23,False,False,False,False,False,Baixo,Bom,Média,True,Alta,False,0.9,False,Alto,Boa,Completa,Alta,Boa,0.4814626714068055,True
531,False,Feminino,19,False,True,True,False,Branca,Urbana,Reprovado,7° EF,False,53.8,5.4,N2,462.14,False,False,False,False,False,Alto,Regular,Alta,False,Alta,False,2.2,False,Moderado,Ruim,Parcial,Baixa,Ruim,0.4682579989842559,False
532,False,Masculino,20,False,True,True,False,Parda,Urbana,Aprovado,2° EM,False,93.2,8.0,N4,350.16,False,False,False,False,False,Médio,Bom,Baixa,False,Média,False,2.2,False,Moderado,Ruim,Parcial,Baixa,Regular,0.1361097003555104,False
533,False,Feminino,17,False,True,True,False,Parda,Urbana,Aprovado,6° EF,False,72.7,7.8,N5,701.85,False,False,False,False,False,Médio,Bom,Média,True,Alta,False,0.6,False,Baixo,Boa,Completa,Média,Regular,0.2503809040121889,False
534,False,Outro,12,False,False,True,False,Parda,Urbana,Aprovado,9° EF,False,58.9,5.9,N5,1431.84,False,False,False,False,False,Alto,Bom,Alta,False,Média,True,1.8,False,Moderado,Boa,Completa,Baixa,Boa,0.4169629253428136,False
535,False,Masculino,17,False,True,True,False,Branca,Urbana,Reprovado,8° EF,False,60.6,7.9,N2,635.83,False,False,True,False,False,Alto,Regular,Alta,False,Média,False,3.7,False,Moderado,Boa,Parcial,Média,Regular,0.3067546978161503,False
536,False,Masculino,15,True,True,True,False,Branca,Urbana,Evadido,1° EM,False,63.7,9.0,N3,659.96,False,False,True,False,False,Alto,Bom,Alta,True,Alta,False,1.7,False,Moderado,Ruim,Insuficiente,Baixa,Regular,0.23514474352463177,False
537,False,Masculino,11,True,True,True,False,Branca,Urbana,Evadido,7° EF,False,95.3,8.6,N1,1407.89,False,False,False,False,False,Médio,Regular,Alta,False,Alta,False,2.1,True,Alto,Boa,Insuficiente,Baixa,Boa,0.09497206703910617,False
538,False,Outro,20,True,True,True,True,Parda,Urbana,Aprovado,3° EM,False,58.6,4.4,N4,444.24,False,False,False,False,False,Alto,Regular,Baixa,False,Média,False,1.3,False,Alto,Regular,Parcial,Média,Regular,0.49466734382935496,True
539,True,Feminino,18,False,True,True,False,Parda,Urbana,Evadido,8° EF,False,66.1,8.1,N5,462.54,False,False,True,False,False,Médio,Bom,Média,True,Alta,False,3.3,False,Baixo,Boa,Parcial,Média,Regular,0.26866429659725755,False
540,False,Feminino,16,False,True,True,False,Parda,Urbana,Reprovado,2° EM,False,90.6,8.3,N3,1430.85,False,False,False,False,False,Médio,Bom,Alta,True,Média,False,4.0,False,Alto,Boa,Completa,Média,Ruim,0.1340782122905028,False
541,False,Masculino,13,False,True,True,False,Parda,Urbana,Aprovado,2° EM,False,93.8,5.0,N6,1326.13,False,False,False,False,False,Médio,Bom,Alta,True,Baixa,False,2.7,False,Moderado,Boa,Parcial,Média,Regular,0.2854240731335703,False
542,False,Feminino,10,False,True,True,False,Parda,Urbana,Aprovado,3° EM,False,93.2,5.4,N5,747.27,False,False,False,False,False,Médio,Regular,Alta,False,Alta,False,3.1,False,Moderado,Regular,Parcial,Alta,Boa,0.2681564245810056,False
543,False,Masculino,10,True,True,False,False,Branca,Urbana,Aprovado,6° EF,False,87.3,4.1,N3,656.3,False,False,False,False,False,Baixo,Ruim,Alta,False,Alta,False,1.7,True,Alto,Ruim,Completa,Alta,Boa,0.36414423565261556,False
544,False,Outro,13,False,True,False,False,Branca,Urbana,Aprovado,6° EF,False,75.6,5.9,N4,1699.56,False,False,False,False,False,Baixo,Bom,Alta,False,Alta,False,2.3,False,Baixo,Boa,Insuficiente,Média,Boa,0.3321482986287455,False
545,False,Feminino,13,False,True,True,False,Branca,Urbana,Reprovado,3° EM,False,86.1,6.4,N7,245.73,False,False,False,False,False,Médio,Regular,Baixa,True,Alta,False,1.7,False,Moderado,Boa,Parcial,Alta,Regular,0.2534281361097004,True
546,False,Feminino,13,False,True,True,False,Parda,Urbana,Aprovado,7° EF,False,72.8,8.3,N5,685.87,False,False,False,False,False,Médio,Bom,Alta,False,Alta,False,2.1,False,Moderado,Regular,Parcial,Alta,Regular,0.2244794311833418,False
547,False,Feminino,13,False,True,True,False,Parda,Urbana,Aprovado,8° EF,False,94.3,7.2,N7,1137.45,False,False,True,False,False,Alto,Bom,Alta,False,Alta,False,3.1,False,Moderado,Ruim,Completa,Média,Ruim,0.17115286947689182,False
548,False,Feminino,21,True,True,True,False,Parda,Urbana,Reprovado,2° EM,False,88.2,6.0,N1,738.22,False,False,False,False,False,Alto,Regular,Média,False,Alta,False,1.1,False,Alto,Boa,Parcial,Média,Boa,0.2630777044184865,False
549,False,Masculino,14,False,True,True,False,Parda,Rural,Aprovado,1° EM,False,78.6,4.8,N2,527.65,True,False,False,False,False,Alto,Bom,Alta,True,Alta,False,1.5,False,Baixo,Boa,Completa,Média,Ruim,0.5420687320128662,False
550,False,Outro,13,False,True,True,False,Parda,Rural,Aprovado,1° EM,False,80.2,5.7,N7,317.76,False,False,False,False,False,Médio,Bom,Média,False,Média,False,1.7,True,Alto,Regular,Parcial,Alta,Boa,0.31894362620619604,False
551,False,Feminino,17,False,True,True,False,Amarela,Urbana,Aprovado,9° EF,False,74.0,5.0,N5,450.66,False,False,False,False,False,Alto,Bom,Média,False,Alta,False,2.5,False,Alto,Regular,Completa,Alta,Boa,0.3859827323514474,False
552,False,Feminino,14,False,True,True,False,Parda,Rural,Aprovado,3° EM,False,91.5,5.3,N5,419.7,True,False,True,False,False,Médio,Ruim,Média,False,Alta,False,4.1,True,Moderado,Ruim,Insuficiente,Alta,Regular,0.4511596411037752,False
553,False,Feminino,18,False,True,True,False,Preta,Rural,Evadido,2° EM,False,74.8,8.7,N7,1285.24,False,False,True,False,False,Médio,Bom,Alta,False,Alta,False,3.2,False,Moderado,Regular,Completa,Média,Boa,0.19400711020822753,False
554,False,Feminino,18,False,True,True,False,Preta,Urbana,Reprovado,9° EF,False,60.7,7.7,N1,486.28,False,False,False,False,False,Médio,Bom,Baixa,False,Alta,False,2.2,False,Alto,Boa,Parcial,Baixa,Boa,0.31640426612493644,True
555,False,Feminino,15,True,True,True,False,Parda,Urbana,Aprovado,3° EM,False,64.5,5.3,N5,2050.03,True,False,False,False,False,Médio,Ruim,Média,True,Alta,False,1.5,False,Alto,Boa,Parcial,Baixa,Regular,0.5882850854917895,False
556,False,Feminino,20,False,True,True,False,Parda,Urbana,Reprovado,2° EM,False,56.4,6.8,N2,601.27,True,False,False,False,False,Alto,Bom,Média,False,Baixa,False,1.1,False,Alto,Regular,Parcial,Alta,Regular,0.553241916370408,False
557,False,Masculino,10,False,True,False,False,Parda,Urbana,Aprovado,2° EM,False,55.4,8.6,N5,395.77,False,False,False,False,False,Alto,Ruim,Baixa,False,Alta,False,2.5,False,Alto,Boa,Completa,Média,Ruim,0.2976130015236161,False
558,False,Feminino,20,False,True,True,False,Parda,Rural,Aprovado,1° EM,False,97.1,7.4,N3,2126.68,False,False,False,False,False,Alto,Bom,Média,False,Alta,False,2.4,False,Alto,Boa,Parcial,Média,Regular,0.1467750126968004,True
559,False,Feminino,20,True,True,True,False,Parda,Urbana,Em andamento,3° EM,False,67.1,6.8,N4,792.27,False,False,True,False,False,Médio,Regular,Alta,False,Média,False,3.3,False,Moderado,Ruim,Completa,Baixa,Regular,0.3296089385474861,True
560,False,Masculino,17,False,True,True,False,Preta,Urbana,Reprovado,8° EF,False,59.5,4.6,N2,322.32,False,False,False,False,False,Médio,Bom,Alta,False,Média,False,3.1,True,Alto,Boa,Parcial,Média,Regular,0.4799390553580497,False
561,False,Feminino,19,True,True,True,False,Branca,Urbana,Evadido,2° EM,False,88.6,4.7,N4,1166.32,False,False,False,True,False,Alto,Ruim,Alta,False,Alta,False,2.4,False,Moderado,Boa,Completa,Média,Ruim,0.6656509226341628,True
562,False,Masculino,20,False,True,True,False,Branca,Rural,Aprovado,3° EM,False,78.7,6.7,N7,2159.35,False,False,True,False,False,Médio,Bom,Baixa,True,Alta,False,1.4,False,Alto,Boa,Completa,Alta,Ruim,0.27577450482478416,False
563,False,Masculino,18,False,True,True,False,Branca,Urbana,Reprovado,2° EM,False,98.5,9.4,N6,1040.83,False,False,False,False,False,Baixo,Bom,Alta,True,Baixa,False,1.7,False,Alto,Boa,Parcial,Média,Boa,0.038090401218892816,False
564,False,Masculino,19,False,True,True,False,Parda,Rural,Aprovado,1° EM,False,89.5,7.8,N3,886.88,False,False,False,False,False,Médio,Bom,Média,False,Baixa,False,0.9,False,Baixo,Boa,Completa,Média,Ruim,0.16505840528186896,False
565,True,Feminino,11,False,True,True,False,Parda,Rural,Aprovado,2° EM,False,79.8,7.4,N4,406.51,False,False,False,False,False,Alto,Ruim,Alta,False,Média,True,3.3,False,Alto,Regular,Parcial,Alta,Boa,0.2346368715083799,True
566,False,Feminino,17,False,True,True,False,Branca,Urbana,Aprovado,3° EM,False,86.1,7.1,N5,748.61,False,False,False,False,False,Médio,Bom,Alta,False,Alta,True,3.4,False,Alto,Boa,Completa,Alta,Ruim,0.2178770949720671,False
567,False,Masculino,17,False,True,True,False,Branca,Urbana,Aprovado,1° EF,False,95.7,6.5,N5,663.65,False,False,False,False,False,Médio,Regular,Alta,True,Média,True,2.8,False,Moderado,Ruim,Completa,Média,Regular,0.19959370238699847,False
568,False,Masculino,14,False,True,True,False,Preta,Rural,Evadido,1° EM,False,77.1,6.4,N7,582.69,False,False,False,False,False,Alto,Bom,Média,False,Alta,False,2.0,False,Baixo,Regular,Completa,Alta,Boa,0.2991366175723718,False
569,False,Feminino,11,False,True,True,False,Branca,Urbana,Evadido,2° EM,False,67.6,6.7,N4,606.65,False,False,False,True,False,Alto,Ruim,Alta,True,Média,False,2.2,False,Baixo,Boa,Completa,Baixa,Ruim,0.6707296427966819,True
570,False,Feminino,11,False,True,True,False,Parda,Urbana,Aprovado,1° EM,False,95.3,6.3,N5,428.68,False,False,False,False,False,Médio,Bom,Média,False,Alta,True,1.9,False,Alto,Boa,Parcial,Baixa,Regular,0.2117826307770442,False
571,False,Feminino,20,False,True,True,False,Branca,Urbana,Em andamento,1° EM,False,70.7,8.7,N1,567.99,False,False,False,False,False,Médio,Bom,Alta,True,Alta,False,2.3,False,Alto,Boa,Insuficiente,Média,Boa,0.21482986287455563,False
572,False,Masculino,18,False,True,True,False,Parda,Urbana,Aprovado,3° EM,False,53.3,4.6,N4,882.71,False,False,False,False,False,Alto,Bom,Alta,False,Alta,False,2.7,False,Baixo,Ruim,Completa,Baixa,Boa,0.511427120365668,True
573,True,Masculino,16,True,True,True,False,Branca,Urbana,Aprovado,7° EF,False,64.0,4.3,N7,493.01,False,False,False,False,False,Médio,Bom,Média,False,Baixa,False,0.7,False,Moderado,Boa,Completa,Alta,Regular,0.47232097511427124,False
574,False,Feminino,17,False,True,False,False,Parda,Urbana,Aprovado,9° EF,False,81.8,4.8,N2,644.25,False,False,False,False,False,Alto,Regular,Baixa,False,Média,False,3.3,False,Baixo,Boa,Parcial,Média,Ruim,0.356526155408837,True
575,False,Masculino,10,True,True,False,False,Branca,Urbana,Aprovado,1° EM,False,98.5,7.5,N6,424.4,False,False,False,False,False,Alto,Bom,Média,False,Alta,False,2.8,False,Alto,Boa,Completa,Alta,Regular,0.1345860843067547,True
576,False,Masculino,12,False,True,True,False,Indígena,Urbana,Reprovado,3° EM,False,79.5,6.2,N6,449.96,False,False,False,False,False,Baixo,Bom,Baixa,False,Alta,False,1.6,False,Moderado,Regular,Completa,Baixa,Boa,0.2971051295073641,False
577,False,Feminino,12,False,True,False,False,Parda,Rural,Aprovado,7° EF,False,88.7,6.6,N5,739.39,False,False,False,False,False,Baixo,Regular,Alta,False,Média,False,2.8,False,Alto,Boa,Parcial,Baixa,Regular,0.23006602336211274,False
578,True,Masculino,21,True,True,True,False,Parda,Urbana,Em andamento,9° EF,False,78.7,6.5,N3,710.29,False,False,False,False,False,Baixo,Regular,Alta,False,Baixa,False,2.1,True,Baixo,Ruim,Completa,Alta,Ruim,0.28593194514982223,False
579,False,Masculino,19,False,True,True,False,Parda,Urbana,Aprovado,1° EM,False,59.7,9.2,N3,540.81,False,False,False,False,False,Médio,Bom,Alta,True,Alta,True,2.1,False,Moderado,Ruim,Parcial,Alta,Boa,0.2453021838496699,False
580,False,Masculino,17,True,True,True,False,Parda,Urbana,Evadido,8° EF,False,57.9,4.9,N1,824.94,False,False,False,False,False,Baixo,Bom,Média,False,Baixa,False,2.2,False,Alto,Boa,Completa,Média,Boa,0.4728288471305231,True
581,False,Outro,10,False,True,True,False,Parda,Urbana,Aprovado,2° EM,False,78.3,8.8,N3,1054.56,False,False,False,False,False,Alto,Ruim,Alta,True,Baixa,False,0.0,True,Alto,Boa,Parcial,Média,Boa,0.1711528694768918,False
582,False,Feminino,22,False,True,True,False,Branca,Urbana,Reprovado,1° EM,False,96.6,5.9,N6,1536.96,False,True,True,False,False,Alto,Ruim,Alta,False,Alta,True,4.5,False,Moderado,Boa,Insuficiente,Alta,Boa,0.22549517521584564,False
583,False,Feminino,20,True,True,False,False,Preta,Rural,Em andamento,5° EF,False,95.9,5.5,N7,992.6,False,False,True,False,False,Médio,Ruim,Baixa,False,Alta,True,4.1,False,Alto,Boa,Parcial,Alta,Boa,0.24936515997968509,False
584,False,Feminino,16,False,True,True,True,Parda,Urbana,Reprovado,2° EM,False,69.6,5.0,N2,1254.7,True,False,False,False,False,Médio,Regular,Média,False,Média,False,1.0,False,Moderado,Regular,Completa,Alta,Boa,0.5776197731504995,False
585,False,Masculino,21,True,True,True,False,Parda,Urbana,Aprovado,7° EF,False,89.4,7.3,N7,830.53,True,False,False,False,False,Alto,Regular,Média,False,Média,False,2.7,False,Moderado,Ruim,Completa,Média,Regular,0.36025055019468427,False
586,True,Feminino,21,False,True,True,False,Parda,Urbana,Reprovado,7° EF,False,63.1,5.9,N7,870.52,False,False,False,True,False,Médio,Regular,Baixa,False,Média,False,1.1,False,Alto,Regular,Parcial,Alta,Regular,0.73421364482817,True
587,False,Masculino,12,False,True,False,False,Parda,Urbana,Reprovado,6° EF,False,71.9,5.3,N4,750.47,False,False,False,False,False,Baixo,Bom,Baixa,False,Alta,False,1.8,False,Moderado,Boa,Completa,Média,Boa,0.3814118842051803,True
588,False,Masculino,16,False,True,False,False,Parda,Urbana,Evadido,1° EM,False,81.8,5.6,N5,1223.77,False,False,True,False,False,Baixo,Bom,Alta,False,Baixa,False,1.7,False,Baixo,Boa,Parcial,Alta,Ruim,0.31589639410868464,False
589,True,Masculino,19,False,True,True,False,Amarela,Urbana,Em andamento,2° EM,False,77.0,7.0,N3,432.89,False,False,False,False,False,Alto,Bom,Alta,True,Alta,False,1.2,False,Moderado,Boa,Completa,Média,Ruim,0.2691721686135094,True
590,False,Feminino,14,True,True,True,False,Não declarada,Urbana,Reprovado,1° EM,False,61.8,3.6,N1,306.9,False,False,False,False,False,Baixo,Bom,Média,True,Baixa,False,2.2,False,Baixo,Regular,Parcial,Média,Regular,0.5190452006094464,True
591,True,Masculino,20,False,True,True,False,Parda,Urbana,Aprovado,1° EM,False,68.2,6.9,N6,418.28,False,False,True,False,False,Alto,Ruim,Alta,True,Alta,False,2.6,True,Baixo,Boa,Parcial,Baixa,Boa,0.318943626206196,False
592,False,Masculino,10,True,True,True,False,Preta,Urbana,Em andamento,3° EM,False,56.5,5.9,N5,439.64,False,True,False,False,False,Alto,Bom,Média,False,Alta,False,3.4,False,Alto,Boa,Completa,Baixa,Boa,0.4291518537328593,True
593,False,Feminino,15,False,True,True,False,Branca,Urbana,Aprovado,3° EM,False,85.3,8.2,N7,827.14,False,True,False,False,False,Alto,Bom,Alta,False,Baixa,False,3.6,False,Moderado,Ruim,Parcial,Média,Regular,0.1660741493143728,False
594,False,Masculino,18,False,True,False,False,Não declarada,Urbana,Aprovado,2° EM,False,90.5,8.0,N2,554.54,False,True,False,False,False,Médio,Ruim,Alta,False,Média,False,2.3,True,Alto,Boa,Completa,Baixa,Boa,0.14982224479431183,False
595,False,Feminino,16,True,True,False,False,Parda,Urbana,Reprovado,1° EM,False,85.3,8.6,N4,324.61,False,False,False,False,False,Alto,Bom,Alta,True,Alta,False,3.3,False,Baixo,Ruim,Completa,Média,Regular,0.14575926866429662,False
596,True,Feminino,21,False,True,True,False,Preta,Rural,Evadido,9° EF,False,95.1,6.9,N2,371.88,False,False,False,False,False,Médio,Bom,Alta,False,Alta,False,3.7,False,Alto,Ruim,Parcial,Média,Regular,0.18232605383443373,False
597,True,Feminino,13,True,False,True,False,Branca,Urbana,Aprovado,5° EF,False,64.2,5.4,N6,734.98,False,False,False,False,False,Médio,Ruim,Alta,True,Alta,False,1.5,False,Moderado,Boa,Parcial,Alta,Regular,0.41543930929405787,False
598,False,Masculino,14,False,True,True,False,Amarela,Urbana,Aprovado,2° EM,False,94.8,6.3,N3,829.27,False,False,False,False,False,Baixo,Regular,Baixa,True,Alta,False,2.1,False,Alto,Boa,Insuficiente,Alta,Regular,0.21432199085830372,False
599,False,Masculino,18,True,True,False,False,Preta,Urbana,Em andamento,1° EM,False,74.1,6.5,N2,710.62,False,False,False,False,False,Médio,Bom,Alta,True,Baixa,False,2.3,False,Baixo,Ruim,Completa,Média,Boa,0.3092940578974099,False
600,False,Masculino,17,False,True,True,False,Preta,Urbana,Evadido,3° EM,False,54.3,7.4,N1,496.93,False,True,False,False,False,Alto,Regular,Alta,True,Média,False,3.6,False,Alto,Ruim,Parcial,Baixa,Ruim,0.3641442356526155,False
601,False,Masculino,21,True,True,True,False,Parda,Urbana,Aprovado,2° EM,False,64.3,4.8,N5,433.71,False,True,False,True,False,Médio,Ruim,Alta,False,Alta,False,0.9,False,Moderado,Boa,Parcial,Alta,Boa,0.7839851024208566,True
602,False,Masculino,18,False,True,True,False,Parda,Rural,Aprovado,1° EM,False,51.1,6.7,N1,497.23,False,False,False,False,False,Médio,Bom,Alta,False,Média,False,2.2,False,Moderado,Boa,Parcial,Média,Boa,0.4159471813103098,False
603,False,Feminino,17,False,True,True,False,Indígena,Urbana,Reprovado,1° EM,False,96.9,8.8,N7,1114.14,False,False,True,False,False,Baixo,Regular,Média,False,Alta,True,1.4,False,Alto,Ruim,Completa,Baixa,Boa,0.07668867445403751,False
604,False,Masculino,17,False,True,True,False,Parda,Urbana,Aprovado,8° EF,False,57.7,8.4,N5,201.29,False,False,False,False,False,Alto,Ruim,Alta,False,Média,False,3.0,False,Moderado,Boa,Completa,Alta,Boa,0.2960893854748603,False
605,False,Feminino,10,False,True,True,False,Branca,Urbana,Aprovado,3° EM,False,87.8,4.5,N6,382.32,False,False,False,False,False,Baixo,Ruim,Média,True,Baixa,False,0.5,False,Moderado,Regular,Parcial,Baixa,Ruim,0.3412899949212798,False
606,False,Masculino,18,False,True,True,False,Preta,Urbana,Aprovado,6° EF,False,99.6,7.3,N4,849.75,True,False,False,False,False,Baixo,Bom,Alta,False,Média,False,0.8,False,Moderado,Boa,Parcial,Alta,Boa,0.30844760453699005,False
607,False,Masculino,13,False,True,True,False,Parda,Urbana,Reprovado,3° EM,False,62.9,8.2,N3,1013.24,True,False,False,False,False,Alto,Bom,Média,True,Alta,False,0.4,False,Moderado,Ruim,Completa,Baixa,Boa,0.4491281530387675,False
608,False,Masculino,10,True,True,True,False,Branca,Urbana,Aprovado,9° EF,False,83.1,6.1,N2,642.89,False,False,False,False,False,Alto,Ruim,Alta,True,Alta,False,2.3,True,Alto,Ruim,Insuficiente,Média,Boa,0.28390045708481465,False
609,False,Masculino,12,False,True,True,False,Branca,Urbana,Em andamento,1° EM,False,64.1,6.5,N7,533.41,True,False,False,False,False,Baixo,Ruim,Baixa,False,Alta,False,1.8,True,Moderado,Boa,Parcial,Média,Regular,0.5293719316065685,True
610,False,Masculino,18,True,True,True,False,Indígena,Urbana,Reprovado,2° EF,False,85.5,7.3,N6,340.78,False,False,False,False,False,Alto,Regular,Média,True,Baixa,False,2.3,False,Baixo,Regular,Completa,Média,Boa,0.21076688674454036,False
611,False,Feminino,14,True,True,True,False,Branca,Urbana,Aprovado,3° EM,False,90.8,6.8,N6,1065.85,False,False,False,True,False,Alto,Ruim,Alta,False,Alta,False,1.5,False,Alto,Boa,Parcial,Alta,Boa,0.547824614863721,False
612,False,Feminino,12,True,True,True,False,Parda,Urbana,Aprovado,3° EM,False,53.6,8.1,N5,896.04,False,False,False,False,False,Baixo,Bom,Alta,False,Alta,False,1.6,False,Alto,Regular,Completa,Alta,Boa,0.3321482986287455,False
613,False,Masculino,18,False,True,True,False,Parda,Urbana,Aprovado,2° EM,False,55.1,6.9,N3,920.46,True,False,False,False,False,Baixo,Bom,Média,True,Alta,False,3.6,False,Alto,Boa,Parcial,Alta,Boa,0.5547655324191637,False
614,False,Masculino,12,False,True,True,False,Amarela,Urbana,Aprovado,8° EF,False,98.1,8.8,N2,1544.73,False,False,False,False,False,Médio,Regular,Alta,False,Média,False,2.1,False,Moderado,Ruim,Insuficiente,Média,Ruim,0.07059421025901472,False
615,False,Masculino,11,True,True,False,False,Parda,Urbana,Aprovado,7° EF,False,88.6,8.5,N7,509.69,False,False,False,False,False,Baixo,Bom,Média,False,Baixa,False,2.2,False,Alto,Regular,Completa,Média,Regular,0.13407821229050282,False
616,True,Masculino,16,False,True,True,False,Não declarada,Urbana,Evadido,1° EF,False,91.3,5.7,N6,700.76,False,False,False,False,False,Baixo,Bom,Média,False,Baixa,False,2.5,True,Moderado,Boa,Parcial,Alta,Boa,0.26256983240223464,False
617,False,Masculino,11,True,True,True,False,Parda,Urbana,Aprovado,2° EM,False,86.0,6.9,N4,296.62,False,False,False,False,False,Médio,Bom,Alta,True,Baixa,False,2.0,False,Moderado,Boa,Completa,Alta,Regular,0.228542407313357,False
618,False,Feminino,16,True,True,True,False,Parda,Urbana,Aprovado,3° EM,False,60.6,6.9,N1,939.39,False,False,True,False,False,Alto,Regular,Alta,True,Média,False,2.3,False,Alto,Ruim,Completa,Baixa,Boa,0.35754189944134074,True
619,False,Feminino,13,False,True,True,False,Branca,Urbana,Aprovado,9° EF,False,71.3,11.1,N7,514.23,False,False,False,False,False,Alto,Bom,Alta,False,Baixa,False,0.9,False,Moderado,Ruim,Completa,Média,Regular,0.08989334687658714,False
620,False,Feminino,21,False,False,True,False,Branca,Urbana,Em andamento,3° EM,False,68.6,9.9,N7,221.09,False,False,False,False,False,Alto,Bom,Alta,False,Baixa,False,2.5,False,Moderado,Boa,Completa,Média,Regular,0.16455053326561708,False
621,False,Feminino,21,False,False,True,False,Amarela,Urbana,Aprovado,2° EM,True,79.6,6.8,N3,677.23,False,False,False,False,False,Médio,Bom,Baixa,False,Alta,False,2.8,True,Moderado,Ruim,Completa,Alta,Boa,0.4354156085999661,True
622,False,Feminino,11,False,True,True,False,Branca,Urbana,Evadido,1° EM,True,80.3,6.1,N3,464.11,False,False,False,True,False,Médio,Bom,Baixa,True,Alta,False,4.0,False,Alto,Regular,Parcial,Alta,Boa,0.8059928897917725,True
623,False,Masculino,17,True,True,True,False,Branca,Urbana,Evadido,3° EF,False,93.1,6.2,N5,1065.86,False,False,False,False,False,Médio,Bom,Média,False,Média,False,3.0,False,Baixo,Ruim,Completa,Média,Boa,0.22803453529710516,True
624,False,Outro,15,False,True,False,False,Parda,Rural,Aprovado,1° EM,False,95.8,7.2,N3,425.22,False,False,True,False,False,Alto,Regular,Alta,True,Alta,False,1.4,False,Alto,Regular,Completa,Alta,Regular,0.16353478923311326,False
625,False,Feminino,14,False,True,True,False,Preta,Urbana,Aprovado,9° EF,False,82.4,6.2,N6,895.4,False,False,False,False,False,Médio,Bom,Média,True,Alta,False,2.6,True,Moderado,Boa,Completa,Alta,Boa,0.28237684103605887,False
626,False,Masculino,15,False,True,True,False,Branca,Urbana,Aprovado,7° EF,False,69.4,7.8,N2,513.92,False,True,False,False,False,Alto,Regular,Alta,False,Alta,False,1.9,False,Baixo,Regular,Completa,Média,Boa,0.26714068054850176,True
627,False,Feminino,13,False,True,True,False,Branca,Rural,Aprovado,3° EM,False,50.1,6.2,N2,545.56,False,False,False,False,False,Médio,Regular,Média,False,Baixa,False,1.2,False,Moderado,Boa,Completa,Média,Ruim,0.44641950228542404,True
628,False,Masculino,11,True,True,True,False,Parda,Urbana,Aprovado,2° EM,False,58.0,5.1,N1,504.22,False,False,False,False,False,Médio,Bom,Alta,True,Baixa,False,1.8,False,Alto,Regular,Completa,Média,Boa,0.46216353478923317,True
629,False,Masculino,21,False,True,False,False,Branca,Urbana,Reprovado,1° EM,False,99.0,5.0,N3,431.02,False,True,False,False,False,Baixo,Bom,Alta,False,Média,False,1.9,False,Alto,Boa,Completa,Alta,Boa,0.2590147282884713,False
630,False,Masculino,20,True,True,True,False,Preta,Rural,Aprovado,2° EM,False,53.5,7.7,N3,275.9,False,False,False,False,False,Alto,Regular,Alta,True,Baixa,False,1.8,False,Baixo,Boa,Completa,Alta,Regular,0.35297105129507367,True
631,False,Feminino,10,False,True,True,False,Parda,Rural,Aprovado,7° EF,False,91.8,6.0,N7,769.89,False,False,False,False,False,Médio,Bom,Alta,True,Alta,False,1.9,True,Alto,Regular,Completa,Baixa,Boa,0.244794311833418,False
632,False,Masculino,10,False,True,True,False,Parda,Rural,Reprovado,7° EF,False,52.8,8.5,N2,436.48,True,True,False,False,False,Médio,Regular,Média,False,Média,False,1.6,False,Moderado,Regular,Parcial,Alta,Ruim,0.4851870661926527,False
633,False,Masculino,18,False,True,True,False,Branca,Rural,Aprovado,3° EM,False,71.8,4.0,N7,530.82,False,False,False,False,False,Alto,Ruim,Alta,False,Média,True,2.3,True,Alto,Boa,Parcial,Baixa,Regular,0.44794311833417977,True
634,False,Feminino,18,False,True,True,False,Parda,Urbana,Aprovado,1° EM,True,54.7,7.0,N2,638.88,False,False,False,False,False,Baixo,Regular,Média,False,Alta,False,2.0,False,Moderado,Regular,Completa,Média,Ruim,0.5517183003216523,False
635,False,Masculino,18,False,True,True,False,Não declarada,Urbana,Reprovado,6° EF,False,52.3,7.8,N4,994.43,False,False,False,False,False,Alto,Bom,Alta,True,Baixa,False,0.0,False,Alto,Regular,Parcial,Baixa,Boa,0.3539867953275775,False
636,False,Feminino,12,False,True,True,False,Branca,Urbana,Aprovado,7° EF,False,56.2,8.6,N2,1239.73,True,False,True,False,False,Alto,Bom,Média,True,Baixa,False,2.1,False,Alto,Regular,Completa,Alta,Ruim,0.46284069747756895,True
637,True,Feminino,15,False,True,False,False,Parda,Urbana,Aprovado,3° EF,False,58.0,6.0,N4,412.1,True,False,True,False,False,Alto,Bom,Média,True,Alta,False,2.4,False,Alto,Regular,Completa,Média,Boa,0.5857457254105298,False
638,False,Feminino,17,True,True,True,False,Indígena,Rural,Aprovado,6° EF,False,80.1,3.5,N5,1327.17,False,False,False,False,False,Médio,Bom,Alta,False,Baixa,False,2.3,True,Moderado,Boa,Completa,Baixa,Regular,0.431183341797867,False
639,False,Feminino,20,True,True,False,False,Branca,Urbana,Aprovado,9° EF,False,73.2,7.7,N5,798.67,False,False,False,False,False,Alto,Regular,Média,True,Alta,False,0.6,True,Alto,Ruim,Parcial,Alta,Regular,0.2529202640934484,True
640,False,Feminino,17,True,True,True,False,Branca,Urbana,Evadido,2° EM,False,96.8,6.5,N5,743.61,False,False,False,False,False,Alto,Regular,Média,False,Média,False,1.6,False,Moderado,Regular,Completa,Alta,Ruim,0.19400711020822753,False
641,False,Masculino,21,False,True,True,False,Branca,Urbana,Aprovado,6° EF,False,68.8,7.0,N2,1992.14,False,False,False,False,False,Alto,Bom,Média,True,Alta,False,1.0,False,Alto,Ruim,Parcial,Baixa,Boa,0.3108176739461656,False
642,False,Feminino,19,False,False,True,False,Parda,Urbana,Aprovado,2° EM,False,94.0,5.0,N3,620.28,False,False,True,False,False,Médio,Bom,Média,False,Média,False,4.5,False,Moderado,Boa,Completa,Alta,Ruim,0.2844083291010665,False
643,False,Feminino,22,True,True,True,False,Parda,Rural,Aprovado,6° EF,False,78.3,6.2,N1,495.82,False,False,False,False,False,Baixo,Bom,Alta,False,Alta,False,1.0,False,Moderado,Regular,Insuficiente,Alta,Boa,0.30319959370238697,True
644,False,Feminino,14,False,True,True,False,Branca,Urbana,Aprovado,6° EF,False,62.7,6.3,N6,374.65,True,False,False,False,False,Alto,Ruim,Alta,False,Média,False,2.3,False,Alto,Boa,Completa,Baixa,Regular,0.5466395801591332,False
645,False,Masculino,11,True,True,True,False,Parda,Urbana,Aprovado,9° EF,False,50.7,4.4,N2,360.82,False,False,False,False,False,Alto,Regular,Alta,True,Baixa,False,2.3,False,Baixo,Boa,Completa,Baixa,Boa,0.5347892331132554,False
646,False,Feminino,16,False,True,False,False,Parda,Urbana,Aprovado,2° EM,False,51.0,4.4,N7,594.24,False,False,False,False,False,Alto,Bom,Baixa,True,Baixa,False,2.3,False,Moderado,Boa,Completa,Alta,Ruim,0.5332656170644997,False
647,False,Feminino,19,True,True,True,False,Parda,Urbana,Aprovado,6° EF,False,57.1,6.2,N1,553.2,False,False,False,False,False,Médio,Regular,Alta,False,Média,False,1.8,False,Moderado,Boa,Parcial,Média,Regular,0.4108684611477907,False
648,False,Outro,12,True,True,True,False,Parda,Urbana,Aprovado,7° EF,False,55.8,7.3,N6,1195.11,False,True,False,False,False,Alto,Regular,Baixa,True,Alta,False,1.0,False,Alto,Boa,Completa,Média,Boa,0.361604875571356,False
649,False,Feminino,14,True,True,True,False,Branca,Urbana,Aprovado,2° EM,False,98.9,7.7,N7,382.3,False,False,False,False,False,Alto,Regular,Média,True,Baixa,False,2.3,False,Moderado,Boa,Completa,Média,Boa,0.12239715591670895,False
650,False,Outro,10,False,False,True,False,Amarela,Urbana,Aprovado,2° EM,False,59.9,6.2,N5,337.72,False,False,False,False,False,Alto,Ruim,Alta,False,Baixa,False,2.2,False,Alto,Boa,Parcial,Alta,Regular,0.39664804469273746,True
651,False,Feminino,22,False,False,True,False,Branca,Urbana,Aprovado,7° EF,False,80.8,5.8,N5,705.37,False,False,False,False,False,Médio,Regular,Alta,False,Alta,True,1.8,False,Moderado,Ruim,Parcial,Alta,Boa,0.3108176739461656,True
652,True,Feminino,19,False,True,False,False,Parda,Urbana,Aprovado,8° EF,False,83.4,3.6,N4,492.91,True,False,False,False,False,Alto,Bom,Baixa,False,Média,False,0.4,False,Baixo,Boa,Completa,Média,Regular,0.5786355171830032,False
653,False,Feminino,19,False,True,False,False,Parda,Urbana,Reprovado,8° EF,False,75.6,6.2,N1,440.84,False,False,False,False,False,Baixo,Bom,Alta,True,Alta,False,2.7,False,Moderado,Ruim,Completa,Média,Regular,0.3169121381411884,False
654,False,Feminino,21,True,True,False,False,Parda,Rural,Aprovado,3° EM,False,56.5,7.4,N1,686.63,False,False,False,False,False,Alto,Ruim,Média,False,Alta,False,1.6,True,Moderado,Regular,Completa,Alta,Boa,0.3529710512950736,False
655,False,Feminino,19,False,True,True,False,Parda,Urbana,Aprovado,5° EF,False,81.9,7.3,N4,532.98,False,False,False,False,False,Alto,Bom,Média,True,Alta,False,0.6,False,Moderado,Ruim,Completa,Alta,Boa,0.2290502793296089,False
656,False,Feminino,12,False,True,True,False,Parda,Rural,Aprovado,3° EF,False,62.3,5.2,N2,621.91,True,False,False,False,False,Alto,Bom,Alta,False,Alta,False,0.6,True,Moderado,Ruim,Completa,Média,Boa,0.6045369900118504,True
657,False,Feminino,14,False,True,False,False,Branca,Urbana,Aprovado,9° EF,False,66.3,7.2,N2,348.62,True,True,False,False,False,Médio,Regular,Baixa,False,Média,False,2.2,False,Moderado,Boa,Completa,Média,Ruim,0.4826477061113933,True
658,False,Masculino,22,True,True,True,False,Amarela,Urbana,Aprovado,2° EM,False,79.3,7.4,N1,674.88,False,False,False,False,False,Alto,Regular,Baixa,True,Alta,False,2.0,True,Alto,Boa,Completa,Baixa,Regular,0.2371762315896394,False
659,False,Masculino,16,False,True,True,False,Preta,Urbana,Aprovado,9° EF,False,75.7,9.3,N3,581.77,False,False,False,False,False,Alto,Regular,Média,True,Média,False,1.9,False,Moderado,Boa,Completa,Média,Ruim,0.15896394108684606,False
660,False,Feminino,21,True,True,True,False,Parda,Urbana,Aprovado,3° EM,False,58.9,7.4,N1,710.19,False,False,False,False,False,Alto,Regular,Média,False,Alta,True,0.1,False,Baixo,Regular,Parcial,Alta,Ruim,0.3407821229050279,False
661,False,Masculino,21,False,True,True,False,Branca,Urbana,Aprovado,1° EM,False,93.2,5.6,N3,1829.06,True,False,False,False,False,Alto,Ruim,Média,False,Média,False,1.1,False,Alto,Boa,Completa,Média,Ruim,0.4272896563399357,True
662,False,Masculino,22,True,True,True,False,Parda,Rural,Aprovado,3° EM,False,71.8,7.4,N4,509.48,False,False,False,False,False,Médio,Regular,Alta,True,Baixa,False,2.5,False,Alto,Boa,Parcial,Alta,Regular,0.27526663280853225,False
663,False,Masculino,21,False,True,True,False,Branca,Urbana,Aprovado,8° EF,False,86.5,5.8,N7,543.17,False,False,False,False,False,Alto,Regular,Alta,False,Média,False,2.9,False,Moderado,Ruim,Insuficiente,Alta,Boa,0.281868969019807,True
664,False,Feminino,13,True,True,True,False,Parda,Rural,Em andamento,7° EF,False,61.0,6.2,N3,795.4,False,False,False,False,False,Alto,Bom,Média,False,Baixa,False,2.5,False,Baixo,Boa,Insuficiente,Média,Boa,0.39106145251396646,False
665,False,Feminino,20,False,True,True,False,Parda,Rural,Reprovado,3° EM,False,79.6,5.1,N2,1347.31,False,False,False,False,False,Médio,Ruim,Alta,False,Alta,False,3.1,True,Moderado,Boa,Completa,Média,Ruim,0.3524631792788218,False
666,True,Masculino,14,False,True,True,False,Branca,Urbana,Aprovado,8° EF,False,92.6,4.6,N5,356.02,True,False,False,False,False,Médio,Regular,Alta,True,Alta,False,3.3,True,Moderado,Boa,Parcial,Baixa,Boa,0.48112409006263757,False
667,False,Masculino,14,False,True,False,False,Não declarada,Urbana,Aprovado,4° EF,False,75.5,7.1,N2,615.75,False,False,False,False,False,Médio,Bom,Média,False,Baixa,False,2.4,False,Moderado,Boa,Completa,Baixa,Regular,0.27171152869476894,False
668,False,Feminino,12,False,True,True,False,Branca,Urbana,Em andamento,1° EF,False,53.0,7.0,N2,1341.31,False,False,False,False,False,Médio,Bom,Baixa,True,Alta,False,1.4,False,Moderado,Ruim,Parcial,Média,Regular,0.39106145251396646,True
669,False,Feminino,13,False,True,True,False,Parda,Rural,Aprovado,2° EM,False,96.8,5.5,N2,519.06,False,True,False,False,False,Alto,Bom,Média,False,Alta,False,3.5,False,Moderado,Ruim,Completa,Alta,Ruim,0.244794311833418,False
670,False,Masculino,10,False,True,True,False,Parda,Urbana,Aprovado,2° EM,False,70.5,7.2,N5,1061.9,False,False,False,False,False,Médio,Regular,Média,False,Alta,False,2.0,False,Baixo,Regular,Parcial,Média,Boa,0.2920264093448451,True
671,False,Masculino,13,False,True,True,False,Branca,Urbana,Evadido,1° EM,False,75.1,6.4,N2,400.37,False,False,False,False,False,Médio,Bom,Média,True,Alta,False,1.7,False,Baixo,Regular,Parcial,Alta,Regular,0.3092940578974099,True
672,False,Masculino,22,True,True,True,False,Preta,Rural,Aprovado,8° EF,False,92.2,3.5,N4,703.77,False,False,True,False,False,Alto,Ruim,Média,False,Alta,False,0.0,False,Moderado,Boa,Parcial,Alta,Regular,0.36973082783138644,True
673,False,Masculino,12,False,True,True,False,Indígena,Urbana,Aprovado,4° EF,False,55.2,7.2,N3,733.61,True,False,False,False,False,Médio,Ruim,Alta,False,Média,False,2.4,False,Alto,Regular,Completa,Baixa,Ruim,0.5390214999153546,False
674,False,Masculino,10,True,True,True,False,Branca,Urbana,Aprovado,3° EM,False,81.3,8.9,N7,840.64,False,False,False,False,False,Baixo,Bom,Baixa,False,Baixa,False,3.0,False,Moderado,Boa,Insuficiente,Alta,Boa,0.15083798882681562,False
675,False,Feminino,21,False,False,True,False,Branca,Urbana,Aprovado,9° EF,False,57.3,6.8,N4,938.02,False,False,False,False,False,Alto,Bom,Alta,False,Alta,False,3.1,False,Alto,Boa,Completa,Alta,Ruim,0.3793803961401727,False
676,False,Masculino,19,False,True,False,False,Branca,Urbana,Aprovado,6° EF,False,60.1,5.9,N6,450.61,False,False,False,True,False,Baixo,Bom,Baixa,True,Média,False,3.4,False,Moderado,Boa,Completa,Baixa,Ruim,0.749449805315727,True
677,False,Masculino,21,False,True,True,False,Preta,Urbana,Aprovado,9° EF,False,61.7,5.0,N5,661.68,False,False,True,False,False,Médio,Bom,Alta,False,Média,False,1.6,False,Moderado,Regular,Completa,Alta,Boa,0.4484509903504316,False
678,False,Masculino,11,False,True,False,False,Amarela,Rural,Aprovado,2° EM,False,71.3,6.5,N2,381.31,True,False,False,False,False,Alto,Bom,Média,False,Média,False,3.6,False,Moderado,Ruim,Insuficiente,Alta,Regular,0.4928051464364314,True
679,False,Feminino,12,False,True,True,False,Parda,Urbana,Aprovado,1° EM,False,86.4,6.0,N1,343.9,False,False,False,True,False,Alto,Bom,Alta,False,Alta,True,1.6,False,Alto,Boa,Parcial,Alta,Boa,0.6108007448789572,True
680,False,Masculino,19,False,True,True,False,Amarela,Urbana,Aprovado,9° EF,False,61.5,4.7,N4,911.12,False,False,False,False,False,Alto,Ruim,Alta,False,Alta,False,1.6,False,Baixo,Regular,Insuficiente,Baixa,Boa,0.4647028948704926,True
681,False,Masculino,10,True,True,True,False,Amarela,Urbana,Aprovado,1° EM,False,97.5,6.2,N5,669.57,False,True,False,False,False,Médio,Bom,Alta,False,Alta,False,1.1,False,Moderado,Regular,Insuficiente,Alta,Boa,0.20568816658202133,True
682,False,Masculino,11,False,True,False,False,Parda,Urbana,Reprovado,9° EF,False,68.4,5.6,N6,637.06,False,False,False,False,False,Médio,Bom,Baixa,True,Alta,False,1.7,True,Alto,Boa,Completa,Alta,Regular,0.38395124428643984,False
683,True,Masculino,21,False,True,True,False,Parda,Urbana,Reprovado,5° EF,False,91.7,5.3,N6,621.64,False,False,False,False,False,Médio,Bom,Média,False,Média,False,0.4,False,Baixo,Regular,Parcial,Média,Regular,0.2808532249873032,False
684,False,Masculino,12,False,True,True,False,Amarela,Urbana,Aprovado,1° EM,False,85.6,7.8,N2,776.28,False,False,False,False,False,Alto,Regular,Alta,True,Alta,True,3.2,True,Alto,Boa,Insuficiente,Média,Boa,0.18486541391569328,False
685,False,Feminino,20,False,True,True,True,Parda,Urbana,Aprovado,1° EM,False,68.6,7.6,N2,1630.51,True,False,False,False,False,Médio,Bom,Alta,True,Alta,False,1.9,False,Moderado,Regular,Completa,Alta,Boa,0.45065176908752325,True
686,False,Feminino,22,False,True,True,False,Parda,Urbana,Reprovado,2° EM,False,59.9,7.9,N2,287.81,False,False,False,False,False,Alto,Bom,Média,False,Média,False,0.8,False,Moderado,Boa,Completa,Média,Boa,0.31030980192991364,False
687,False,Masculino,18,False,True,False,False,Amarela,Urbana,Evadido,6° EF,False,93.1,5.6,N2,1175.42,False,True,True,False,False,Alto,Bom,Alta,False,Alta,False,2.7,False,Alto,Ruim,Completa,Alta,Boa,0.2585068562722195,False
688,False,Feminino,22,False,True,False,False,Branca,Urbana,Aprovado,3° EM,False,63.5,3.2,N3,400.7,False,False,True,False,False,Médio,Regular,Baixa,False,Alta,True,2.9,False,Moderado,Regular,Parcial,Alta,Boa,0.5307262569832403,False
689,False,Masculino,14,True,True,True,False,Parda,Urbana,Aprovado,3° EM,False,67.3,5.2,N3,375.67,False,True,False,False,False,Alto,Regular,Alta,False,Baixa,False,2.4,False,Baixo,Regular,Completa,Média,Boa,0.4098527171152869,True
690,False,Masculino,14,False,True,True,False,Branca,Urbana,Aprovado,9° EF,False,79.9,3.0,N7,347.62,False,False,False,False,False,Médio,Regular,Alta,False,Média,False,1.8,False,Moderado,Regular,Completa,Alta,Boa,0.45759268664296593,False
691,False,Masculino,21,False,True,True,False,Preta,Rural,Aprovado,2° EM,False,94.1,4.9,N6,1196.15,False,False,False,False,True,Baixo,Regular,Baixa,True,Média,True,1.3,False,Alto,Ruim,Parcial,Alta,Ruim,0.2889791772473337,False
692,False,Feminino,12,False,True,True,False,Branca,Rural,Aprovado,8° EF,False,94.1,4.1,N2,472.57,False,True,False,False,False,Alto,Bom,Média,True,Alta,True,3.0,False,Moderado,Boa,Parcial,Média,Boa,0.3296089385474861,False
693,False,Feminino,13,False,False,True,False,Parda,Urbana,Aprovado,6° EF,False,50.9,5.1,N6,325.97,True,False,False,False,False,Baixo,Bom,Média,True,Alta,False,1.1,False,Alto,Boa,Completa,Alta,Ruim,0.6675131200270865,True
694,False,Feminino,11,True,True,True,False,Parda,Urbana,Reprovado,2° EM,False,92.6,6.7,N2,852.36,False,False,False,False,False,Médio,Regular,Alta,False,Média,False,2.1,False,Moderado,Ruim,Completa,Baixa,Regular,0.20518029456576942,True
695,False,Masculino,15,False,True,True,False,Branca,Urbana,Aprovado,3° EM,False,67.4,6.9,N3,507.47,False,False,False,False,False,Baixo,Ruim,Alta,True,Alta,True,0.4,False,Baixo,Regular,Insuficiente,Média,Ruim,0.3230066023362112,False
696,False,Feminino,19,False,True,True,False,Parda,Urbana,Reprovado,2° EM,False,84.6,4.3,N2,1332.38,True,False,False,False,False,Alto,Ruim,Alta,False,Alta,False,0.5,False,Moderado,Ruim,Completa,Baixa,Regular,0.5369900118503471,False
697,False,Feminino,11,True,True,False,False,Amarela,Rural,Reprovado,8° EF,False,51.6,8.4,N4,251.75,False,False,False,False,False,Médio,Bom,Média,True,Média,False,1.9,True,Moderado,Regular,Completa,Média,Ruim,0.3270695784662265,False
698,True,Masculino,19,False,True,True,False,Parda,Urbana,Aprovado,5° EF,True,76.0,9.4,N3,544.22,False,False,False,False,True,Baixo,Bom,Alta,False,Alta,False,0.6,True,Moderado,Boa,Parcial,Baixa,Regular,0.3216522769595395,False
699,False,Masculino,17,False,True,True,False,Parda,Urbana,Aprovado,2° EF,False,86.9,5.2,N5,759.84,False,False,True,False,False,Baixo,Bom,Alta,False,Alta,False,1.8,False,Moderado,Boa,Completa,Média,Boa,0.3103098019299136,True
700,False,Outro,20,False,True,True,False,Parda,Urbana,Evadido,1° EM,False,72.2,6.4,N7,559.2,True,False,True,False,False,Alto,Regular,Média,False,Média,False,3.1,False,Moderado,Boa,Insuficiente,Média,Regular,0.4933130184526832,False
701,False,Feminino,21,True,True,True,False,Branca,Urbana,Reprovado,2° EM,False,82.0,6.7,N6,549.34,True,False,False,False,False,Alto,Regular,Média,False,Alta,False,0.1,False,Moderado,Boa,Completa,Baixa,Boa,0.42830540037243947,False
702,False,Masculino,11,True,True,True,False,Branca,Rural,Aprovado,1° EM,False,97.2,6.9,N5,570.14,False,True,False,False,False,Baixo,Bom,Alta,False,Baixa,False,0.5,False,Alto,Boa,Insuficiente,Baixa,Boa,0.1716607414931437,False
703,False,Masculino,19,False,True,True,False,Parda,Urbana,Reprovado,2° EM,False,53.4,7.1,N6,676.3,False,False,False,False,False,Alto,Ruim,Alta,False,Alta,False,1.2,False,Baixo,Regular,Completa,Alta,Boa,0.38395124428643984,False
704,False,Feminino,16,True,True,False,False,Branca,Rural,Em andamento,3° EM,False,69.0,6.5,N2,1595.59,False,False,True,False,False,Alto,Regular,Baixa,False,Alta,False,2.6,False,Baixo,Boa,Completa,Baixa,Boa,0.335195530726257,True
705,False,Masculino,12,True,True,True,False,Branca,Rural,Aprovado,2° EM,False,62.1,6.9,N7,859.98,False,False,False,False,False,Baixo,Ruim,Alta,True,Alta,False,2.9,False,Alto,Regular,Completa,Alta,Boa,0.3499238191975622,False
706,False,Feminino,17,False,True,True,False,Preta,Urbana,Aprovado,2° EM,False,64.8,7.8,N4,2127.56,False,True,False,False,False,Alto,Regular,Baixa,False,Baixa,False,2.9,False,Alto,Regular,Parcial,Alta,Regular,0.2905027932960894,True
707,False,Masculino,18,False,True,True,False,Parda,Urbana,Aprovado,2° EM,False,94.7,8.2,N5,852.48,False,False,False,False,False,Baixo,Ruim,Alta,True,Baixa,False,4.4,False,Baixo,Regular,Completa,Média,Boa,0.11833417978669378,False
708,False,Feminino,16,False,True,True,False,Parda,Rural,Aprovado,1° EF,False,79.8,7.0,N2,1033.08,False,False,False,False,False,Baixo,Bom,Baixa,False,Alta,False,2.1,False,Alto,Boa,Completa,Média,Regular,0.2549517521584561,False
709,False,Feminino,18,False,True,False,False,Parda,Urbana,Reprovado,9° EF,False,95.4,4.1,N1,666.77,False,False,False,False,False,Alto,Bom,Média,False,Baixa,True,3.7,False,Alto,Ruim,Parcial,Média,Ruim,0.32300660233621126,True
710,False,Masculino,21,True,True,False,False,Parda,Urbana,Aprovado,8° EF,False,75.2,8.6,N4,585.09,True,False,False,False,False,Alto,Bom,Baixa,False,Média,True,3.5,False,Alto,Boa,Completa,Baixa,Boa,0.3663450143897071,True
711,False,Masculino,20,False,True,True,False,Parda,Urbana,Aprovado,8° EF,False,92.6,5.4,N5,1025.17,False,False,False,False,False,Alto,Bom,Alta,False,Alta,False,4.7,False,Moderado,Ruim,Completa,Baixa,Boa,0.27120365667851704,False
712,False,Masculino,10,False,True,True,False,Branca,Urbana,Aprovado,8° EF,False,82.2,6.5,N7,443.78,True,False,False,False,False,Médio,Regular,Baixa,False,Alta,False,1.1,False,Alto,Regular,Insuficiente,Média,Boa,0.4374470966649737,True
713,False,Masculino,10,False,True,True,False,Branca,Urbana,Aprovado,1° EM,False,73.8,8.3,N5,291.68,False,False,False,False,False,Médio,Bom,Média,True,Baixa,False,2.1,True,Moderado,Boa,Completa,Alta,Regular,0.21940071102082273,False
714,False,Feminino,15,True,True,False,False,Parda,Rural,Em andamento,9° EF,False,94.2,6.6,N7,565.45,False,True,False,False,False,Alto,Ruim,Baixa,False,Média,False,2.3,False,Baixo,Ruim,Parcial,Baixa,Regular,0.202133062468258,False
715,False,Feminino,22,True,True,True,False,Branca,Urbana,Aprovado,1° EM,False,94.4,7.7,N7,569.01,False,False,False,False,False,Alto,Ruim,Alta,False,Alta,False,0.9,False,Moderado,Regular,Parcial,Média,Boa,0.14525139664804465,False
716,False,Feminino,14,False,True,True,False,Branca,Urbana,Aprovado,1° EM,False,67.9,6.3,N3,692.39,False,False,False,False,False,Alto,Ruim,Média,True,Alta,False,2.0,False,Moderado,Ruim,Completa,Média,Regular,0.350939563230066,False
717,False,Feminino,17,True,True,False,False,Parda,Urbana,Reprovado,8° EF,False,96.4,7.2,N6,1543.1,False,False,True,False,False,Médio,Bom,Baixa,False,Alta,True,0.7,False,Baixo,Boa,Completa,Média,Boa,0.16048755713560178,False
718,False,Masculino,20,False,True,False,False,Amarela,Rural,Aprovado,1° EM,False,66.6,6.2,N5,567.08,False,False,False,False,False,Médio,Bom,Média,False,Alta,False,0.7,True,Baixo,Ruim,Completa,Alta,Regular,0.36262061960385983,False
719,False,Masculino,16,False,True,True,False,Parda,Urbana,Reprovado,1° EM,False,66.0,7.1,N2,1046.75,False,False,False,False,False,Baixo,Ruim,Baixa,False,Baixa,False,3.4,False,Alto,Boa,Parcial,Média,Regular,0.31995937023869986,False
720,False,Feminino,17,True,True,True,False,Parda,Urbana,Reprovado,1° EM,False,97.3,6.3,N4,888.06,False,False,False,False,False,Médio,Ruim,Baixa,False,Alta,False,0.7,False,Alto,Boa,Completa,Alta,Boa,0.2016251904520061,False
721,False,Masculino,10,False,True,True,False,Parda,Rural,Evadido,3° EM,False,76.4,10.1,N2,639.51,False,False,False,True,False,Médio,Ruim,Média,False,Média,False,2.7,False,Alto,Ruim,Completa,Alta,Ruim,0.4533604198408667,True
722,False,Feminino,10,False,True,False,False,Branca,Urbana,Aprovado,1° EF,False,98.9,5.3,N7,943.51,False,False,False,False,False,Baixo,Ruim,Média,False,Média,True,1.4,False,Alto,Boa,Completa,Alta,Boa,0.24428643981716605,False
723,False,Feminino,15,False,True,True,False,Parda,Urbana,Aprovado,6° EF,False,63.5,7.9,N3,647.4,False,False,False,False,False,Alto,Regular,Baixa,False,Alta,False,3.1,False,Moderado,Boa,Completa,Alta,Boa,0.2920264093448451,False
724,False,Masculino,16,False,True,True,False,Branca,Urbana,Aprovado,7° EF,False,96.5,6.9,N1,917.39,False,False,False,False,False,Médio,Bom,Alta,False,Média,False,2.4,False,Moderado,Ruim,Completa,Alta,Boa,0.17521584560690703,False
725,False,Feminino,12,False,True,True,False,Branca,Urbana,Aprovado,7° EF,False,91.7,3.5,N3,237.28,False,False,False,False,False,Médio,Bom,Média,True,Alta,True,2.3,False,Moderado,Boa,Completa,Baixa,Boa,0.372270187912646,False
726,False,Masculino,10,False,True,False,False,Branca,Urbana,Aprovado,2° EM,False,80.1,5.7,N7,530.38,True,False,False,False,False,Médio,Bom,Baixa,False,Média,False,1.3,True,Alto,Ruim,Completa,Alta,Regular,0.4887421703064162,True
727,False,Feminino,19,False,True,False,False,Indígena,Urbana,Aprovado,2° EM,False,78.6,7.7,N6,1103.54,False,False,False,False,False,Alto,Bom,Média,False,Média,False,1.9,True,Alto,Boa,Completa,Alta,Regular,0.22549517521584558,False
728,False,Feminino,21,False,True,True,False,Parda,Urbana,Evadido,8° EF,False,54.8,6.6,N3,707.38,False,False,False,False,False,Médio,Bom,Média,True,Média,False,2.7,False,Moderado,Boa,Insuficiente,Média,Regular,0.4022346368715084,False
729,False,Masculino,15,False,True,True,False,Branca,Urbana,Aprovado,7° EF,False,83.8,7.1,N6,667.83,False,False,False,False,False,Alto,Bom,Baixa,True,Média,False,2.1,True,Moderado,Boa,Insuficiente,Média,Regular,0.22955815134586088,False
730,False,Feminino,11,False,True,True,False,Parda,Urbana,Reprovado,2° EM,False,76.0,6.7,N4,886.67,False,False,False,False,False,Médio,Regular,Alta,True,Alta,True,1.0,True,Alto,Regular,Completa,Média,Boa,0.28948704926358554,False
731,False,Masculino,17,False,False,True,False,Branca,Rural,Aprovado,1° EM,False,85.4,6.6,N2,514.22,True,False,False,False,False,Médio,Bom,Alta,True,Alta,True,1.7,False,Alto,Ruim,Completa,Média,Boa,0.41611647198239377,True
732,False,Feminino,20,False,True,False,False,Amarela,Urbana,Aprovado,2° EM,False,78.0,8.9,N2,561.71,False,False,False,False,False,Baixo,Ruim,Alta,False,Alta,False,2.2,False,Moderado,Boa,Parcial,Média,Regular,0.16759776536312848,False
733,False,Masculino,11,False,True,True,False,Branca,Urbana,Reprovado,6° EF,False,98.0,6.1,N2,450.96,False,False,False,False,False,Alto,Ruim,Alta,False,Alta,False,3.0,False,Moderado,Boa,Insuficiente,Alta,Ruim,0.20822752666328084,False
734,False,Masculino,21,False,True,False,False,Branca,Rural,Reprovado,6° EF,False,64.3,7.8,N3,491.95,True,True,False,False,False,Alto,Bom,Média,False,Baixa,False,0.9,True,Baixo,Ruim,Parcial,Média,Boa,0.4623328254613171,False
735,False,Masculino,18,False,True,True,False,Parda,Urbana,Aprovado,9° EF,False,66.3,7.4,N5,987.66,False,False,True,False,False,Baixo,Bom,Média,False,Média,True,2.3,True,Alto,Ruim,Completa,Média,Ruim,0.30319959370238697,False
736,False,Masculino,20,False,True,True,False,Branca,Urbana,Aprovado,3° EM,True,68.2,7.0,N6,1207.05,True,False,False,False,False,Baixo,Bom,Baixa,False,Alta,False,2.2,False,Moderado,Boa,Completa,Baixa,Ruim,0.6524462502116133,True
737,False,Masculino,21,True,True,True,False,Parda,Rural,Reprovado,3° EF,False,70.2,6.1,N5,702.89,False,False,False,False,False,Médio,Regular,Média,False,Alta,False,1.3,False,Moderado,Regular,Insuficiente,Alta,Ruim,0.34941594718131025,False
738,False,Feminino,13,True,True,True,False,Preta,Urbana,Aprovado,1° EM,False,84.6,5.5,N6,925.67,False,False,False,False,False,Alto,Ruim,Alta,True,Alta,True,1.6,False,Alto,Regular,Completa,Alta,Boa,0.3067546978161504,False
739,False,Masculino,18,True,True,True,False,Parda,Urbana,Evadido,1° EM,False,65.0,8.7,N3,511.84,True,False,False,False,False,Alto,Bom,Baixa,False,Média,False,1.6,True,Alto,Boa,Parcial,Alta,Regular,0.41306923988488237,False
740,False,Masculino,10,False,True,True,False,Parda,Urbana,Evadido,1° EM,False,57.1,8.7,N4,671.64,False,False,False,False,False,Alto,Ruim,Média,False,Média,False,2.9,False,Alto,Boa,Parcial,Alta,Boa,0.2839004570848146,False
741,False,Feminino,20,False,True,True,False,Parda,Urbana,Evadido,8° EF,True,60.4,6.1,N7,604.32,False,False,False,False,False,Alto,Regular,Alta,False,Média,False,0.3,False,Moderado,Regular,Completa,Baixa,Regular,0.5684780768579651,True
742,False,Masculino,17,True,True,True,False,Branca,Urbana,Aprovado,2° EM,False,64.1,6.9,N3,323.74,False,False,False,False,False,Alto,Bom,Alta,True,Média,False,2.0,False,Alto,Ruim,Completa,Baixa,Ruim,0.3397663788725241,False
743,False,Masculino,12,False,True,True,False,Parda,Urbana,Reprovado,1° EM,False,85.5,8.7,N2,425.02,False,False,False,False,False,Alto,Regular,Baixa,False,Alta,False,1.3,False,Alto,Ruim,Completa,Média,Ruim,0.13966480446927376,False
744,True,Feminino,18,False,True,True,False,Preta,Urbana,Reprovado,5° EF,False,83.6,6.1,N2,662.31,True,False,False,False,False,Alto,Bom,Alta,False,Alta,False,3.1,False,Alto,Regular,Completa,Média,Ruim,0.45065176908752325,False
745,False,Masculino,13,True,True,True,False,Parda,Urbana,Aprovado,9° EF,False,71.8,6.8,N4,1102.49,False,False,False,False,False,Alto,Ruim,Baixa,False,Baixa,False,3.6,False,Moderado,Regular,Completa,Média,Boa,0.3057389537836465,True
746,False,Masculino,12,False,True,False,False,Não declarada,Rural,Aprovado,2° EM,False,61.5,5.6,N2,731.29,False,False,False,False,False,Médio,Ruim,Média,False,Média,False,2.9,False,Alto,Boa,Parcial,Alta,Ruim,0.41899441340782123,False
747,False,Masculino,17,True,True,True,False,Preta,Urbana,Evadido,2° EM,False,79.1,7.5,N2,955.66,True,False,False,False,False,Baixo,Bom,Alta,False,Baixa,False,2.3,False,Baixo,Regular,Parcial,Média,Ruim,0.40240392754359233,False
748,False,Feminino,13,False,True,True,True,Parda,Urbana,Aprovado,1° EF,False,60.1,6.4,N3,298.83,False,True,False,False,False,Alto,Bom,Média,False,Alta,False,0.8,False,Moderado,Ruim,Parcial,Média,Ruim,0.3854748603351955,True
749,False,Masculino,13,False,True,True,False,Não declarada,Urbana,Aprovado,3° EF,False,75.7,6.4,N3,681.57,True,False,False,False,False,Baixo,Bom,Alta,True,Média,False,1.8,False,Alto,Boa,Completa,Alta,Ruim,0.4755374978838667,False
750,False,Masculino,15,False,True,False,False,Branca,Urbana,Em andamento,2° EM,False,93.0,6.3,N6,644.32,True,False,False,False,False,Médio,Regular,Alta,True,Alta,False,2.8,False,Alto,Regular,Completa,Média,Regular,0.39275435923480617,False
751,False,Masculino,18,False,True,True,False,Parda,Urbana,Evadido,3° EM,False,62.1,5.2,N6,396.19,False,False,False,False,False,Alto,Bom,Média,True,Média,False,1.9,False,Moderado,Ruim,Completa,Alta,Regular,0.43626206196038597,False
752,False,Feminino,18,True,True,False,False,Branca,Urbana,Aprovado,7° EF,False,93.0,4.8,N4,870.9,False,False,False,False,False,Alto,Bom,Média,True,Média,False,3.2,False,Moderado,Boa,Completa,Alta,Boa,0.29964448958862366,False
753,False,Feminino,16,False,True,True,False,Parda,Rural,Em andamento,1° EM,False,88.3,3.7,N5,402.22,False,False,False,False,False,Alto,Bom,Alta,True,Alta,False,3.1,False,Alto,Ruim,Completa,Alta,Boa,0.3793803961401727,False
754,True,Masculino,13,False,True,True,True,Amarela,Urbana,Aprovado,2° EF,False,66.9,7.9,N5,384.98,True,True,False,False,False,Médio,Regular,Alta,False,Média,False,1.8,False,Baixo,Boa,Completa,Média,Ruim,0.4440494328762485,True
755,False,Masculino,21,False,True,True,False,Parda,Urbana,Aprovado,8° EF,False,82.0,6.7,N2,827.51,False,False,False,False,False,Médio,Ruim,Alta,True,Média,False,1.6,False,Baixo,Regular,Completa,Alta,Ruim,0.2590147282884713,False
756,False,Masculino,19,False,True,False,False,Parda,Urbana,Aprovado,2° EM,False,58.7,6.8,N6,853.48,False,False,False,False,False,Médio,Ruim,Média,False,Média,False,2.4,False,Alto,Boa,Completa,Alta,Regular,0.372270187912646,False
757,False,Feminino,12,False,True,False,False,Parda,Urbana,Aprovado,8° EF,False,64.5,6.7,N6,549.18,False,False,False,False,False,Médio,Ruim,Alta,False,Alta,False,2.6,False,Baixo,Regular,Completa,Baixa,Regular,0.3478923311325546,False
758,False,Masculino,15,False,True,True,False,Parda,Urbana,Aprovado,3° EM,False,70.8,8.2,N7,615.05,False,False,False,False,False,Baixo,Bom,Média,False,Média,True,0.2,False,Moderado,Regular,Parcial,Média,Boa,0.23971559167089898,False
759,False,Feminino,17,True,True,True,False,Parda,Urbana,Aprovado,1° EM,False,77.0,5.9,N6,254.69,False,False,False,False,False,Alto,Bom,Baixa,False,Média,False,3.1,False,Alto,Boa,Parcial,Média,Ruim,0.3250380904012189,False
760,False,Masculino,19,True,True,True,False,Preta,Rural,Aprovado,1° EM,False,92.0,5.3,N3,1506.05,False,False,False,False,False,Alto,Bom,Média,True,Alta,False,3.2,False,Alto,Regular,Completa,Alta,Ruim,0.2793296089385475,False
761,False,Masculino,16,True,True,False,False,Não declarada,Rural,Aprovado,8° EF,False,54.4,5.0,N1,1813.93,False,False,False,False,False,Alto,Ruim,Alta,True,Alta,True,1.5,False,Moderado,Ruim,Completa,Alta,Boa,0.4855256475368207,True
762,False,Masculino,10,False,True,False,False,Parda,Urbana,Evadido,1° EM,False,75.3,6.0,N1,985.56,False,False,False,False,False,Baixo,Regular,Baixa,False,Média,False,2.9,False,Alto,Boa,Parcial,Alta,Regular,0.3285931945149822,False
763,False,Masculino,19,False,True,True,False,Parda,Urbana,Aprovado,6° EF,False,94.1,6.1,N4,400.7,False,False,False,True,False,Médio,Ruim,Média,False,Baixa,False,3.2,True,Baixo,Regular,Parcial,Alta,Boa,0.5666158794650414,True
764,False,Feminino,10,False,True,True,False,Parda,Urbana,Aprovado,3° EM,False,52.3,8.3,N5,473.96,False,False,False,False,False,Baixo,Regular,Média,False,Alta,False,0.7,False,Alto,Ruim,Completa,Média,Regular,0.3285931945149822,False
765,False,Feminino,20,False,True,True,False,Branca,Urbana,Evadido,6° EF,False,59.1,6.2,N5,1735.07,False,False,False,False,False,Baixo,Bom,Média,True,Média,True,2.5,False,Moderado,Boa,Completa,Alta,Regular,0.4007110208227526,False
766,False,Masculino,19,False,True,True,False,Parda,Rural,Aprovado,6° EF,False,52.0,7.7,N7,539.9,False,False,False,False,False,Médio,Regular,Média,False,Alta,False,1.5,False,Moderado,Ruim,Completa,Média,Regular,0.36058913153885214,True
767,True,Masculino,16,False,True,True,False,Parda,Urbana,Aprovado,2° EM,False,82.6,5.3,N4,844.07,False,False,False,False,False,Alto,Regular,Média,False,Alta,False,0.1,False,Baixo,Ruim,Completa,Baixa,Boa,0.3270695784662266,False
768,False,Masculino,15,True,True,True,False,Parda,Rural,Aprovado,3° EM,False,94.7,6.7,N1,566.34,False,False,False,True,False,Médio,Bom,Baixa,False,Alta,False,1.9,False,Baixo,Boa,Completa,Média,Boa,0.5330963263924157,True
769,False,Feminino,11,False,True,True,False,Branca,Urbana,Aprovado,2° EM,False,56.6,8.9,N7,701.75,True,False,False,True,False,Médio,Ruim,Alta,True,Média,False,2.9,False,Alto,Regular,Completa,Baixa,Boa,0.7841543930929405,True
770,False,Feminino,20,True,True,True,True,Preta,Urbana,Aprovado,9° EF,False,92.3,5.3,N1,524.12,False,False,False,False,False,Baixo,Ruim,Baixa,False,Média,False,1.5,False,Alto,Regular,Parcial,Baixa,Regular,0.2778059928897918,False
771,False,Outro,22,False,True,True,False,Parda,Urbana,Aprovado,1° EM,False,57.4,6.6,N4,863.02,False,False,False,False,False,Médio,Ruim,Alta,False,Alta,False,2.1,True,Alto,Regular,Parcial,Alta,Ruim,0.3890299644489589,False
772,False,Feminino,12,False,True,True,False,Branca,Urbana,Reprovado,1° EM,False,92.8,5.3,N5,935.37,False,False,True,False,False,Baixo,Ruim,Alta,True,Alta,False,1.8,False,Moderado,Boa,Parcial,Média,Ruim,0.2752666328085323,False
773,False,Feminino,18,True,False,True,False,Parda,Urbana,Reprovado,2° EM,False,63.4,5.7,N3,698.22,False,False,True,False,False,Alto,Bom,Média,False,Média,False,2.2,True,Baixo,Ruim,Completa,Média,Boa,0.40426612493651604,False
774,True,Feminino,18,False,False,True,False,Branca,Urbana,Aprovado,4° EF,False,68.7,4.8,N4,755.12,False,False,False,False,False,Alto,Bom,Alta,False,Alta,False,1.8,False,Moderado,Boa,Completa,Baixa,Ruim,0.42305738953783645,True
775,False,Feminino,12,True,True,True,False,Parda,Urbana,Aprovado,3° EM,False,88.9,7.7,N5,427.15,False,False,False,False,False,Alto,Regular,Alta,False,Alta,False,1.3,False,Alto,Boa,Completa,Alta,Ruim,0.1731843575418994,False
776,False,Masculino,21,False,True,True,False,Indígena,Urbana,Aprovado,1° EM,False,79.9,6.9,N1,895.68,False,False,False,False,False,Alto,Regular,Alta,False,Alta,False,1.8,False,Moderado,Boa,Parcial,Baixa,Ruim,0.25952260030472313,False
777,False,Feminino,22,False,True,True,False,Branca,Urbana,Aprovado,1° EM,False,76.0,5.3,N6,1634.23,False,True,False,False,False,Alto,Bom,Média,False,Baixa,False,1.3,False,Moderado,Boa,Completa,Baixa,Boa,0.36058913153885225,False
778,False,Masculino,14,True,True,False,False,Preta,Urbana,Reprovado,1° EM,False,80.6,6.0,N2,1559.3,False,False,False,False,False,Médio,Regular,Alta,True,Alta,False,1.8,False,Moderado,Ruim,Completa,Alta,Boa,0.3016759776536313,False
779,False,Masculino,19,False,True,True,False,Parda,Urbana,Aprovado,3° EM,False,50.5,7.9,N4,801.23,False,False,False,False,False,Alto,Regular,Alta,False,Alta,False,2.5,True,Moderado,Boa,Parcial,Alta,Ruim,0.35804977145759265,True
780,False,Feminino,17,True,True,True,False,Parda,Urbana,Aprovado,7° EF,False,96.8,6.9,N6,508.58,False,False,True,False,False,Médio,Ruim,Média,False,Média,False,1.3,True,Alto,Regular,Completa,Média,Boa,0.17369222955815133,False
781,False,Masculino,18,False,True,False,False,Amarela,Urbana,Aprovado,1° EM,False,81.6,8.0,N6,566.27,False,False,False,False,False,Alto,Regular,Média,False,Baixa,True,1.5,True,Moderado,Regular,Parcial,Média,Ruim,0.19502285424073135,False
782,False,Masculino,12,False,False,True,False,Parda,Urbana,Aprovado,7° EF,False,61.6,5.8,N6,708.21,False,False,False,False,False,Alto,Regular,Média,False,Média,False,1.8,False,Baixo,Boa,Completa,Média,Ruim,0.40832910106653125,False
783,False,Feminino,12,False,True,True,False,Parda,Urbana,Aprovado,2° EM,True,56.4,7.4,N2,1366.08,False,False,False,False,False,Alto,Bom,Média,False,Alta,False,0.4,False,Moderado,Boa,Parcial,Alta,Boa,0.5227695953952937,False
784,False,Outro,10,True,True,True,False,Preta,Urbana,Aprovado,3° EM,False,72.9,9.5,N2,1711.35,False,False,False,False,False,Médio,Bom,Média,False,Média,False,1.2,False,Moderado,Regular,Parcial,Alta,Regular,0.16302691721686133,False
785,False,Feminino,19,False,True,False,False,Parda,Urbana,Aprovado,1° EM,False,94.9,7.0,N1,934.96,False,False,False,False,False,Alto,Ruim,Alta,True,Alta,False,3.6,False,Alto,Regular,Completa,Baixa,Boa,0.17826307770441846,False
786,False,Masculino,14,False,True,True,False,Parda,Urbana,Aprovado,3° EM,False,64.5,6.1,N7,1590.19,False,False,True,False,False,Médio,Bom,Baixa,False,Alta,False,0.6,False,Alto,Boa,Completa,Média,Boa,0.37836465210766884,True
787,False,Feminino,16,False,True,False,False,Parda,Urbana,Aprovado,1° EM,False,66.1,7.9,N5,626.64,False,False,False,False,False,Alto,Regular,Alta,False,Baixa,False,1.3,False,Alto,Boa,Completa,Média,Regular,0.2788217369222956,False
788,False,Masculino,13,False,True,False,False,Parda,Urbana,Aprovado,1° EM,False,76.7,5.8,N2,202.51,False,False,False,False,False,Baixo,Regular,Baixa,False,Média,False,1.7,False,Moderado,Ruim,Completa,Baixa,Regular,0.33164042661249366,False
789,True,Feminino,22,False,True,True,False,Parda,Urbana,Aprovado,6° EF,False,70.1,6.0,N4,514.86,False,False,True,False,False,Baixo,Ruim,Alta,True,Alta,False,3.8,False,Baixo,Boa,Completa,Alta,Ruim,0.35500253936008125,False
790,False,Feminino,16,False,True,True,False,Preta,Rural,Aprovado,1° EM,False,72.3,7.1,N2,626.92,True,False,False,False,False,Baixo,Bom,Alta,True,Média,False,1.9,False,Alto,Boa,Parcial,Média,Boa,0.45725410529879806,False
791,False,Masculino,12,False,True,False,False,Branca,Urbana,Aprovado,1° EM,False,81.2,7.2,N2,467.31,False,False,False,True,False,Médio,Bom,Média,True,Média,False,2.8,False,Alto,Regular,Parcial,Média,Boa,0.5762654477738276,False
792,False,Feminino,11,False,True,True,False,Branca,Urbana,Reprovado,1° EM,False,74.5,7.5,N2,1571.71,False,False,False,False,False,Alto,Bom,Alta,True,Alta,False,1.7,False,Alto,Ruim,Completa,Alta,Boa,0.2564753682072118,False
793,False,Masculino,22,True,True,True,False,Amarela,Rural,Aprovado,2° EM,False,83.1,6.8,N7,1446.65,False,True,False,True,False,Alto,Ruim,Média,False,Alta,False,3.5,False,Alto,Boa,Parcial,Média,Regular,0.5869307601151177,True
794,False,Feminino,18,False,False,False,False,Branca,Urbana,Aprovado,5° EF,False,57.8,6.9,N6,397.64,False,True,False,False,False,Médio,Regular,Alta,True,Alta,False,2.1,False,Moderado,Boa,Insuficiente,Alta,Boa,0.37176231589639414,True
795,False,Masculino,20,True,True,True,False,Preta,Urbana,Aprovado,9° EF,False,55.6,6.2,N5,159.0,False,True,False,False,False,Médio,Regular,Baixa,False,Alta,False,3.3,False,Baixo,Ruim,Completa,Baixa,Ruim,0.41848654139156927,False
796,False,Feminino,11,False,True,True,False,Branca,Urbana,Reprovado,3° EM,False,100.0,6.7,N3,636.75,False,False,False,False,False,Baixo,Regular,Média,False,Alta,False,2.5,False,Moderado,Regular,Completa,Média,Boa,0.16759776536312848,True
797,False,Feminino,21,False,True,True,True,Branca,Urbana,Em andamento,5° EF,False,61.2,6.2,N3,702.92,False,False,False,False,False,Alto,Regular,Alta,False,Alta,False,3.1,True,Alto,Boa,Completa,Alta,Ruim,0.39004570848146264,False
798,False,Feminino,19,True,True,False,False,Branca,Rural,Aprovado,1° EM,False,85.0,5.8,N2,440.21,False,False,False,False,False,Médio,Regular,Baixa,False,Alta,False,2.3,False,Alto,Ruim,Parcial,Alta,Regular,0.28948704926358554,False
799,False,Masculino,11,False,True,False,False,Preta,Urbana,Aprovado,3° EM,True,65.5,7.5,N5,765.77,True,False,False,False,False,Baixo,Bom,Média,True,Baixa,False,2.1,True,Alto,Ruim,Parcial,Alta,Ruim,0.6407651938378195,False
800,False,Feminino,12,True,True,True,False,Parda,Urbana,Aprovado,9° EF,False,53.2,5.6,N1,433.69,False,False,False,False,False,Médio,Ruim,Média,False,Baixa,False,1.8,False,Moderado,Regular,Completa,Baixa,Boa,0.46114779075672924,True
801,False,Feminino,14,False,True,True,False,Amarela,Urbana,Aprovado,3° EM,False,78.1,6.4,N7,304.8,False,False,False,False,False,Médio,Bom,Média,False,Alta,False,1.8,True,Moderado,Regular,Parcial,Baixa,Boa,0.2940578974098528,False
802,False,Feminino,18,False,True,True,False,Branca,Rural,Reprovado,5° EF,False,94.2,6.3,N4,650.82,False,True,False,False,False,Alto,Bom,Alta,False,Média,False,0.8,False,Alto,Ruim,Completa,Baixa,Regular,0.21736922295581512,False
803,False,Feminino,10,False,True,True,True,Parda,Rural,Aprovado,1° EM,False,69.8,6.7,N7,303.27,False,False,False,False,False,Médio,Regular,Alta,False,Alta,False,1.7,False,Baixo,Boa,Completa,Média,Boa,0.3209751142712036,False
804,False,Masculino,12,True,True,True,False,Preta,Urbana,Aprovado,2° EM,False,91.4,5.0,N2,487.15,False,False,False,True,False,Alto,Ruim,Alta,False,Alta,True,1.8,False,Moderado,Boa,Parcial,Alta,Boa,0.6361943456915524,True
805,False,Masculino,17,False,True,True,False,Parda,Rural,Aprovado,7° EF,False,53.8,5.7,N3,971.45,False,True,False,False,False,Alto,Bom,Média,False,Média,False,2.2,False,Alto,Regular,Completa,Alta,Regular,0.45302183849669886,False
806,False,Masculino,14,True,True,True,False,Branca,Urbana,Aprovado,7° EF,False,86.8,8.9,N3,702.47,False,False,True,False,False,Médio,Bom,Alta,False,Alta,False,2.4,False,Moderado,Regular,Parcial,Alta,Regular,0.12290502793296089,False
807,False,Masculino,19,False,True,False,False,Parda,Rural,Aprovado,1° EM,False,65.4,5.8,N4,1167.74,False,False,False,False,False,Alto,Bom,Alta,True,Média,False,3.1,False,Alto,Boa,Insuficiente,Alta,Ruim,0.3890299644489588,False
808,False,Feminino,20,True,True,True,False,Branca,Urbana,Em andamento,2° EM,False,65.5,8.5,N3,709.22,False,False,False,False,False,Baixo,Ruim,Média,False,Alta,False,2.1,False,Baixo,Regular,Completa,Alta,Boa,0.25139664804469275,True
809,False,Masculino,21,False,True,True,False,Parda,Urbana,Aprovado,2° EM,False,73.3,6.7,N5,338.04,True,False,False,False,False,Alto,Ruim,Alta,False,Alta,False,3.3,True,Alto,Regular,Parcial,Alta,Regular,0.47249026578635517,False
810,False,Masculino,19,True,True,True,False,Preta,Urbana,Aprovado,2° EM,False,67.4,7.5,N7,495.64,True,False,False,False,False,Alto,Bom,Média,False,Alta,False,3.9,False,Moderado,Boa,Parcial,Baixa,Boa,0.46182495344506513,False
811,False,Masculino,20,False,True,True,False,Branca,Urbana,Reprovado,6° EF,False,57.1,8.3,N2,1269.94,False,False,False,False,False,Alto,Bom,Alta,False,Alta,False,0.9,True,Alto,Regular,Completa,Média,Ruim,0.30421533773489073,True
812,False,Feminino,11,True,True,False,False,Amarela,Rural,Aprovado,1° EM,False,94.9,8.1,N4,1210.4,True,True,False,False,False,Médio,Ruim,Alta,False,Alta,False,1.6,False,Baixo,Boa,Insuficiente,Média,Ruim,0.29168782800067716,True
813,False,Masculino,11,False,True,True,False,Parda,Urbana,Aprovado,3° EM,False,59.2,5.9,N5,331.91,False,False,False,False,False,Baixo,Bom,Alta,True,Alta,False,1.2,False,Baixo,Boa,Parcial,Alta,Boa,0.4154393092940578,False
814,False,Feminino,13,True,True,False,False,Parda,Urbana,Aprovado,1° EM,False,87.6,6.5,N2,931.93,True,False,False,False,False,Alto,Bom,Alta,False,Baixa,False,1.6,False,Moderado,Boa,Completa,Média,Boa,0.41002200778737097,False
815,False,Masculino,22,False,True,True,False,Parda,Urbana,Evadido,9° EF,False,54.1,4.5,N5,1722.69,False,False,False,False,False,Baixo,Bom,Baixa,False,Alta,False,2.5,False,Moderado,Ruim,Completa,Média,Boa,0.5124428643981717,True
816,False,Masculino,17,False,True,True,False,Branca,Rural,Aprovado,8° EF,False,91.8,6.0,N5,810.06,False,False,False,False,False,Médio,Ruim,Alta,False,Média,False,1.1,False,Alto,Regular,Parcial,Alta,Boa,0.244794311833418,False
817,False,Feminino,22,False,True,True,False,Branca,Urbana,Aprovado,3° EF,False,67.9,6.2,N5,721.13,False,False,False,False,False,Alto,Ruim,Média,False,Alta,False,2.7,False,Moderado,Regular,Completa,Baixa,Ruim,0.35601828339258507,False
818,False,Feminino,20,False,True,True,False,Parda,Rural,Evadido,2° EM,False,61.7,8.5,N7,381.5,False,False,False,True,False,Alto,Regular,Alta,False,Alta,False,2.2,False,Baixo,Boa,Completa,Baixa,Boa,0.6092771288302015,False
819,False,Feminino,20,True,True,True,False,Branca,Rural,Aprovado,1° EM,False,89.3,5.0,N4,728.61,False,False,False,False,False,Médio,Bom,Baixa,False,Baixa,False,3.7,False,Moderado,Ruim,Parcial,Baixa,Boa,0.308278313864906,False
820,False,Feminino,18,True,True,True,False,Branca,Urbana,Evadido,1° EM,False,57.4,6.9,N1,1073.09,False,False,False,False,False,Médio,Ruim,Alta,True,Média,True,0.3,False,Baixo,Boa,Completa,Alta,Boa,0.3737938039614017,True
821,False,Outro,22,False,True,True,False,Branca,Urbana,Aprovado,2° EM,False,92.0,7.8,N6,168.66,False,False,False,False,False,Médio,Bom,Média,False,Alta,False,1.0,False,Moderado,Boa,Parcial,Média,Ruim,0.15236160487557135,False
822,True,Masculino,12,False,True,True,False,Parda,Urbana,Aprovado,3° EF,False,88.6,6.8,N2,385.54,False,False,False,True,False,Médio,Bom,Média,False,Alta,True,2.1,False,Moderado,Regular,Completa,Alta,Ruim,0.558997799221263,True
823,True,Masculino,20,False,True,True,True,Parda,Urbana,Aprovado,2° EF,False,75.6,8.4,N4,501.86,False,False,False,False,False,Baixo,Bom,Alta,True,Média,False,2.7,False,Alto,Boa,Completa,Média,Ruim,0.20518029456576942,False
824,False,Feminino,13,False,True,False,False,Branca,Urbana,Evadido,2° EM,False,52.4,7.0,N1,957.12,False,False,False,False,False,Alto,Regular,Alta,True,Baixa,False,2.3,True,Alto,Ruim,Insuficiente,Alta,Boa,0.3941086846114779,True
825,False,Feminino,12,False,True,True,False,Parda,Urbana,Aprovado,8° EF,False,55.0,7.8,N7,296.12,False,False,True,False,False,Médio,Regular,Média,False,Alta,False,1.5,False,Alto,Regular,Completa,Alta,Boa,0.34027425088877605,False
826,False,Masculino,13,False,True,True,False,Branca,Rural,Aprovado,2° EM,False,65.3,3.9,N3,561.16,True,False,False,False,False,Médio,Ruim,Alta,False,Alta,False,2.6,False,Moderado,Boa,Parcial,Alta,Boa,0.6553241916370408,True
827,False,Masculino,22,False,True,False,False,Parda,Urbana,Reprovado,2° EM,False,89.9,5.6,N4,799.29,False,False,False,False,False,Baixo,Bom,Média,False,Baixa,False,2.5,True,Baixo,Boa,Parcial,Alta,Regular,0.27475876079228034,True
828,False,Feminino,21,False,True,True,False,Preta,Rural,Aprovado,6° EF,False,81.8,6.3,N3,911.21,False,False,True,False,False,Baixo,Bom,Baixa,True,Alta,False,0.5,False,Alto,Boa,Completa,Média,Boa,0.2803453529710513,False
829,False,Masculino,22,False,True,False,False,Parda,Urbana,Evadido,3° EM,True,81.8,5.4,N6,1508.38,False,False,False,False,False,Médio,Bom,Alta,False,Alta,False,2.8,False,Moderado,Boa,Insuficiente,Média,Boa,0.4953445065176908,True
830,False,Masculino,21,False,True,True,False,Branca,Urbana,Aprovado,2° EM,False,67.9,6.4,N4,796.42,False,False,False,False,False,Alto,Bom,Média,True,Alta,False,1.5,True,Baixo,Regular,Completa,Alta,Boa,0.34586084306754694,False
831,False,Feminino,13,True,True,True,False,Parda,Urbana,Aprovado,6° EF,False,55.3,5.5,N6,1639.69,False,False,False,False,False,Baixo,Bom,Média,False,Alta,False,0.8,False,Moderado,Ruim,Parcial,Alta,Regular,0.45556119857795835,True
832,False,Masculino,12,True,True,False,False,Parda,Rural,Aprovado,8° EF,False,69.7,8.2,N1,771.33,False,False,False,False,False,Médio,Ruim,Média,False,Alta,True,0.6,False,Alto,Regular,Completa,Média,Boa,0.24530218384966992,False
833,False,Feminino,17,False,True,False,False,Amarela,Urbana,Aprovado,1° EM,False,91.0,7.7,N7,619.86,False,False,False,True,False,Alto,Regular,Alta,True,Baixa,False,2.0,False,Moderado,Ruim,Completa,Alta,Boa,0.5011003893685457,False
834,True,Feminino,19,False,True,True,False,Preta,Urbana,Aprovado,5° EF,False,80.0,6.4,N1,185.53,False,False,False,False,False,Médio,Regular,Alta,False,Alta,False,2.7,False,Alto,Boa,Completa,Baixa,Boa,0.2844083291010665,False
835,False,Feminino,14,False,True,True,False,Branca,Urbana,Aprovado,2° EM,False,93.5,6.5,N4,700.65,False,False,False,False,False,Alto,Bom,Média,False,Alta,False,1.5,False,Alto,Ruim,Insuficiente,Média,Regular,0.21076688674454036,False
836,False,Masculino,20,False,True,True,False,Branca,Rural,Aprovado,1° EM,False,72.3,5.5,N5,603.4,False,False,False,False,False,Alto,Regular,Alta,True,Alta,False,2.0,False,Alto,Regular,Insuficiente,Média,Ruim,0.3692229558151346,False
837,False,Masculino,15,False,False,True,False,Branca,Urbana,Aprovado,1° EM,True,72.8,6.5,N3,1064.32,False,False,False,False,False,Baixo,Bom,Alta,False,Média,False,2.3,False,Alto,Boa,Completa,Alta,Ruim,0.4851870661926527,True
838,False,Masculino,20,False,True,False,False,Não declarada,Urbana,Aprovado,3° EM,False,85.2,3.8,N3,1796.8,False,True,False,False,True,Médio,Ruim,Alta,False,Alta,False,3.7,False,Moderado,Boa,Insuficiente,Média,Boa,0.39004570848146264,True
839,False,Masculino,21,False,True,True,False,Branca,Urbana,Aprovado,2° EM,False,56.0,9.0,N1,1633.02,False,False,False,False,False,Alto,Bom,Média,False,Baixa,False,2.5,False,Moderado,Regular,Insuficiente,Baixa,Ruim,0.27425088877602843,False
840,False,Masculino,10,False,True,True,False,Preta,Urbana,Aprovado,2° EM,False,56.7,5.3,N6,1048.6,False,False,False,False,False,Alto,Bom,Alta,True,Média,False,2.1,False,Moderado,Ruim,Completa,Média,Ruim,0.4586084306754698,False
841,False,Feminino,12,False,True,False,False,Branca,Urbana,Aprovado,3° EM,False,97.7,9.9,N6,1414.56,False,False,False,False,False,Médio,Regular,Média,False,Alta,False,0.1,True,Alto,Boa,Completa,Média,Boa,0.016759776536312814,False
842,False,Masculino,12,False,True,True,False,Parda,Urbana,Reprovado,2° EM,False,96.5,8.4,N3,756.64,True,False,False,False,False,Médio,Bom,Média,True,Média,False,0.7,True,Alto,Regular,Completa,Média,Regular,0.26832571525308957,False
843,False,Masculino,16,False,True,False,False,Branca,Urbana,Aprovado,1° EM,False,91.9,4.8,N3,604.08,False,False,False,False,False,Alto,Regular,Alta,False,Média,True,3.2,False,Moderado,Boa,Parcial,Alta,Ruim,0.3052310817673946,False
844,False,Masculino,22,False,True,True,True,Parda,Urbana,Evadido,4° EF,False,90.0,8.0,N7,615.71,False,True,False,False,False,Baixo,Bom,Alta,True,Alta,False,1.3,False,Alto,Ruim,Completa,Média,Boa,0.15236160487557135,False
845,False,Feminino,12,True,True,True,False,Indígena,Urbana,Aprovado,7° EF,False,65.4,7.0,N4,661.66,True,False,False,False,False,Alto,Bom,Baixa,False,Média,False,1.5,False,Alto,Boa,Completa,Alta,Ruim,0.49737599458269843,False
846,False,Masculino,19,False,True,True,False,Parda,Urbana,Aprovado,1° EM,False,91.2,3.7,N3,363.81,True,False,False,False,False,Baixo,Bom,Baixa,True,Média,True,2.6,True,Baixo,Boa,Parcial,Média,Boa,0.5339427797528357,False
847,False,Masculino,10,True,True,True,False,Parda,Urbana,Aprovado,2° EM,False,95.1,6.3,N1,303.71,False,False,False,False,False,Alto,Regular,Alta,False,Média,False,3.0,True,Baixo,Boa,Completa,Alta,Boa,0.212798374809548,False
848,False,Masculino,12,False,True,True,False,Parda,Urbana,Aprovado,1° EM,False,97.5,7.3,N1,398.08,False,False,False,False,False,Alto,Bom,Alta,True,Alta,False,2.5,False,Moderado,Boa,Completa,Média,Boa,0.14982224479431183,False
849,False,Feminino,16,True,True,True,True,Branca,Urbana,Aprovado,2° EM,False,66.9,3.8,N6,542.73,False,False,False,False,False,Alto,Ruim,Alta,False,Média,False,2.9,False,Moderado,Regular,Insuficiente,Baixa,Ruim,0.4829862874555612,False
850,False,Feminino,14,False,True,True,False,Branca,Urbana,Aprovado,9° EF,False,87.9,5.2,N1,665.06,False,False,False,False,False,Baixo,Ruim,Alta,False,Alta,False,3.0,True,Moderado,Regular,Completa,Média,Boa,0.30523108176739455,False
851,False,Masculino,17,True,True,True,False,Branca,Urbana,Aprovado,3° EM,False,87.2,9.9,N2,1254.35,True,False,False,False,True,Alto,Regular,Alta,False,Alta,False,1.2,False,Alto,Boa,Completa,Média,Boa,0.23937701032673095,False
852,False,Masculino,22,True,True,True,False,Parda,Urbana,Aprovado,2° EM,False,81.5,6.7,N7,982.68,False,False,False,False,False,Alto,Regular,Alta,True,Alta,False,3.7,False,Alto,Regular,Completa,Baixa,Ruim,0.2615540883697308,True
853,False,Masculino,18,False,True,False,False,Parda,Urbana,Aprovado,2° EM,False,76.0,4.5,N2,1338.91,False,False,False,False,False,Alto,Ruim,Baixa,False,Média,False,1.1,False,Baixo,Boa,Parcial,Média,Boa,0.4012188928390045,False
854,False,Feminino,14,False,True,True,False,Branca,Rural,Em andamento,1° EM,False,59.1,7.4,N4,739.46,False,False,False,False,False,Alto,Bom,Média,False,Média,False,0.9,False,Alto,Regular,Insuficiente,Baixa,Regular,0.3397663788725241,False
855,False,Masculino,13,True,True,True,False,Parda,Urbana,Aprovado,2° EM,False,50.6,6.9,N3,1158.75,False,False,False,False,False,Alto,Bom,Média,False,Média,False,2.5,False,Baixo,Boa,Completa,Alta,Ruim,0.4083291010665312,False
856,False,Masculino,10,False,False,True,False,Branca,Urbana,Reprovado,2° EM,False,81.4,7.0,N2,788.25,True,True,False,False,False,Alto,Bom,Alta,True,Alta,False,1.9,False,Baixo,Boa,Parcial,Média,Boa,0.41611647198239377,True
857,False,Masculino,17,False,True,True,False,Branca,Urbana,Aprovado,6° EF,False,71.1,8.4,N1,716.81,False,False,False,False,False,Médio,Bom,Média,True,Alta,True,2.5,False,Baixo,Boa,Insuficiente,Média,Regular,0.22803453529710516,False
858,False,Feminino,12,False,True,True,False,Parda,Urbana,Reprovado,2° EM,False,59.2,7.1,N4,525.32,False,True,True,False,False,Alto,Bom,Média,False,Média,False,3.9,False,Moderado,Boa,Parcial,Média,Boa,0.3544946673438293,False
859,False,Feminino,21,True,True,True,False,Parda,Rural,Aprovado,2° EM,False,61.3,6.6,N5,418.52,False,False,False,False,False,Médio,Bom,Alta,False,Média,False,1.7,False,Alto,Regular,Insuficiente,Baixa,Boa,0.3692229558151346,True
860,False,Masculino,20,False,True,False,False,Branca,Urbana,Aprovado,2° EM,False,90.7,6.0,N7,624.72,False,False,False,False,False,Baixo,Ruim,Média,True,Alta,False,2.4,True,Baixo,Boa,Parcial,Média,Boa,0.2503809040121889,False
861,False,Feminino,10,False,True,False,False,Parda,Urbana,Aprovado,1° EM,False,90.3,8.2,N1,1197.64,False,False,True,False,False,Médio,Bom,Alta,False,Alta,True,1.8,False,Alto,Regular,Parcial,Média,Boa,0.1406805485017776,False
862,False,Feminino,19,False,True,True,False,Branca,Urbana,Aprovado,3° EM,False,67.2,5.8,N3,486.92,False,False,False,False,False,Alto,Bom,Alta,False,Média,False,1.5,False,Moderado,Ruim,Completa,Alta,Boa,0.37988826815642457,False
863,False,Masculino,12,False,True,False,False,Parda,Urbana,Aprovado,3° EM,False,73.4,6.3,N6,270.27,False,False,False,False,False,Baixo,Bom,Alta,True,Baixa,False,1.4,False,Moderado,Boa,Completa,Baixa,Boa,0.3230066023362112,False
864,False,Feminino,17,True,True,True,False,Preta,Urbana,Aprovado,3° EM,False,80.5,8.5,N1,342.0,False,False,False,False,False,Médio,Bom,Alta,False,Média,False,2.6,False,Moderado,Boa,Completa,Alta,Boa,0.17521584560690706,False
865,False,Masculino,19,False,True,True,False,Branca,Urbana,Aprovado,7° EF,False,57.4,6.5,N6,477.23,False,False,False,True,False,Alto,Bom,Média,False,Média,False,0.1,False,Moderado,Boa,Completa,Alta,Ruim,0.7326900287794142,True
866,False,Feminino,13,True,True,False,False,Branca,Rural,Aprovado,9° EF,False,51.2,5.9,N5,389.07,False,False,False,False,False,Alto,Bom,Alta,False,Alta,False,1.1,True,Alto,Boa,Completa,Baixa,Boa,0.4560690705942102,False
867,False,Masculino,21,True,True,False,False,Parda,Urbana,Reprovado,2° EM,False,94.6,6.3,N1,456.66,False,False,True,False,False,Alto,Bom,Baixa,False,Alta,False,1.3,True,Moderado,Boa,Parcial,Alta,Regular,0.21533773489080754,False
868,False,Feminino,11,False,True,True,False,Preta,Urbana,Aprovado,9° EF,False,84.0,6.5,N2,267.21,False,True,False,False,False,Alto,Bom,Alta,False,Alta,True,2.5,False,Baixo,Boa,Insuficiente,Média,Ruim,0.2590147282884713,False
869,False,Masculino,15,False,True,False,False,Parda,Rural,Aprovado,9° EF,False,100.0,7.1,N7,760.35,False,False,False,False,False,Alto,Ruim,Alta,True,Alta,False,3.1,False,Alto,Regular,Completa,Alta,Boa,0.14728288471305231,False
870,False,Feminino,19,False,True,True,False,Parda,Urbana,Evadido,1° EM,False,74.7,5.8,N1,756.26,True,False,False,False,False,Médio,Ruim,Média,False,Alta,False,2.0,False,Moderado,Boa,Completa,Baixa,Boa,0.5110885390214999,False
871,False,Feminino,16,False,False,False,False,Preta,Urbana,Evadido,1° EM,False,50.4,7.4,N3,600.18,False,False,False,False,False,Médio,Regular,Média,False,Média,False,2.3,False,Alto,Boa,Completa,Alta,Regular,0.3839512442864398,False
872,False,Feminino,17,True,True,True,False,Parda,Urbana,Reprovado,1° EM,False,74.8,6.2,N3,832.93,False,False,False,False,False,Alto,Regular,Alta,False,Alta,False,1.5,False,Alto,Boa,Completa,Alta,Ruim,0.3209751142712036,True
873,True,Masculino,19,False,True,False,False,Parda,Urbana,Aprovado,5° EF,False,76.8,5.2,N2,258.21,False,False,False,False,False,Alto,Regular,Baixa,True,Média,False,1.2,False,Baixo,Boa,Insuficiente,Alta,Boa,0.361604875571356,False
874,False,Feminino,11,False,True,True,False,Parda,Urbana,Aprovado,1° EM,False,58.8,9.9,N4,502.68,False,False,False,False,False,Baixo,Regular,Baixa,False,Alta,False,2.6,True,Moderado,Boa,Insuficiente,Alta,Regular,0.2143219908583037,False
875,False,Masculino,16,False,True,True,False,Parda,Urbana,Aprovado,2° EM,False,96.8,7.2,N3,854.52,False,False,False,False,False,Baixo,Bom,Alta,False,Alta,False,2.2,False,Alto,Boa,Parcial,Alta,Regular,0.1584560690705942,True
876,False,Feminino,13,False,True,False,False,Indígena,Urbana,Aprovado,1° EM,False,54.5,7.4,N7,285.15,False,False,False,False,False,Médio,Bom,Alta,False,Alta,False,3.4,False,Alto,Boa,Insuficiente,Alta,Ruim,0.36312849162011174,False
877,False,Feminino,20,False,True,True,False,Branca,Rural,Aprovado,3° EM,False,51.4,4.6,N7,556.16,False,False,True,False,False,Médio,Regular,Alta,False,Média,False,0.7,False,Moderado,Boa,Parcial,Alta,Boa,0.521076688674454,False
878,False,Masculino,15,False,True,False,False,Amarela,Urbana,Reprovado,3° EM,False,82.3,6.1,N3,1038.43,True,False,False,False,False,Alto,Bom,Média,False,Média,False,3.9,False,Alto,Ruim,Completa,Baixa,Boa,0.45725410529879806,False
879,False,Outro,22,False,True,True,False,Parda,Rural,Aprovado,1° EM,False,96.4,7.0,N2,780.55,False,False,False,False,False,Médio,Regular,Alta,False,Alta,False,2.2,False,Alto,Boa,Completa,Média,Regular,0.17064499746063988,False
880,False,Masculino,18,False,True,True,False,Parda,Urbana,Reprovado,9° EF,False,50.4,7.4,N3,198.77,False,False,False,False,False,Baixo,Bom,Baixa,False,Alta,False,2.8,False,Moderado,Boa,Parcial,Média,Ruim,0.3839512442864398,False
881,False,Feminino,14,True,True,False,False,Branca,Urbana,Aprovado,2° EM,False,88.8,8.7,N7,770.81,False,False,True,False,False,Alto,Regular,Média,False,Média,False,3.0,False,Baixo,Boa,Completa,Alta,Boa,0.12290502793296093,False
882,False,Feminino,18,True,True,True,False,Amarela,Rural,Aprovado,3° EM,False,98.5,7.0,N5,378.59,False,False,False,False,False,Baixo,Bom,Baixa,True,Alta,False,2.2,False,Baixo,Boa,Completa,Alta,Ruim,0.15997968511934993,False
883,False,Masculino,16,False,True,False,False,Branca,Urbana,Aprovado,2° EM,False,51.9,7.1,N5,1503.69,False,False,False,False,False,Baixo,Bom,Alta,False,Alta,False,2.5,False,Moderado,Regular,Parcial,Baixa,Boa,0.39156932453021837,False
884,True,Masculino,19,False,True,True,False,Parda,Urbana,Aprovado,2° EF,False,68.8,6.4,N1,231.71,False,False,False,False,False,Médio,Bom,Alta,True,Média,False,0.9,True,Alto,Boa,Parcial,Média,Ruim,0.3412899949212798,False
885,False,Feminino,22,False,True,True,False,Amarela,Urbana,Aprovado,1° EM,False,56.5,4.8,N6,814.76,False,False,False,False,False,Alto,Bom,Alta,False,Alta,False,1.5,False,Baixo,Regular,Completa,Média,Regular,0.4850177755205688,False
886,False,Masculino,18,True,True,True,False,Parda,Urbana,Em andamento,3° EM,False,67.4,7.6,N7,362.59,False,False,False,False,False,Médio,Bom,Média,True,Alta,False,3.2,False,Moderado,Ruim,Parcial,Média,Boa,0.28745556119857796,False
887,False,Masculino,15,True,True,True,False,Branca,Urbana,Aprovado,2° EM,False,77.4,5.6,N6,803.44,True,False,False,False,False,Médio,Ruim,Alta,True,Alta,False,1.5,True,Alto,Boa,Completa,Alta,Boa,0.5075334349077365,True
888,False,Masculino,20,True,True,True,False,Parda,Urbana,Aprovado,8° EF,False,84.9,4.6,N5,1114.24,False,True,False,False,False,Alto,Bom,Média,True,Alta,False,1.7,False,Alto,Ruim,Completa,Baixa,Boa,0.350939563230066,False
889,False,Feminino,10,False,True,True,False,Preta,Urbana,Aprovado,5° EF,False,57.2,3.8,N4,451.19,False,False,False,False,False,Alto,Bom,Alta,False,Média,False,2.5,False,Moderado,Ruim,Completa,Alta,Boa,0.532249873031996,True
890,False,Masculino,11,False,True,False,False,Parda,Urbana,Aprovado,3° EM,False,58.4,7.2,N4,1189.52,False,False,False,False,False,Baixo,Bom,Alta,False,Média,False,0.7,False,Moderado,Boa,Completa,Baixa,Boa,0.3534789233113255,False
891,False,Masculino,20,False,True,False,False,Parda,Urbana,Aprovado,8° EF,False,60.4,6.7,N4,366.94,False,False,False,False,False,Alto,Bom,Baixa,False,Alta,False,1.7,False,Alto,Boa,Completa,Média,Boa,0.3687150837988827,True
892,False,Feminino,14,False,False,False,False,Branca,Urbana,Reprovado,3° EM,False,63.7,8.0,N3,485.81,False,False,True,False,False,Alto,Bom,Média,False,Baixa,False,1.3,False,Moderado,Regular,Parcial,Média,Boa,0.28593194514982223,True
893,False,Feminino,15,False,True,True,False,Preta,Urbana,Aprovado,2° EM,False,86.9,4.5,N3,393.2,False,False,False,False,False,Alto,Bom,Alta,False,Média,False,1.2,False,Alto,Ruim,Completa,Alta,Boa,0.34586084306754694,True
894,False,Feminino,13,False,True,True,False,Parda,Urbana,Aprovado,3° EM,False,89.8,7.1,N3,303.15,False,False,False,False,False,Médio,Bom,Baixa,True,Alta,False,2.0,False,Alto,Boa,Parcial,Baixa,Boa,0.1990858303707466,False
895,False,Masculino,11,False,True,False,False,Branca,Urbana,Aprovado,3° EM,False,73.0,7.3,N3,1232.64,False,False,False,False,False,Médio,Regular,Alta,True,Alta,False,4.4,False,Alto,Regular,Completa,Baixa,Boa,0.27425088877602843,False
896,False,Masculino,14,False,False,False,False,Branca,Urbana,Aprovado,9° EF,False,72.1,8.1,N6,920.65,False,False,False,False,False,Alto,Bom,Baixa,False,Média,False,2.7,False,Alto,Ruim,Completa,Média,Boa,0.2381919756221433,False
897,False,Feminino,17,False,True,True,False,Branca,Rural,Reprovado,1° EM,False,96.9,5.4,N2,778.61,False,False,False,False,False,Alto,Bom,Média,True,Baixa,False,3.8,False,Baixo,Ruim,Completa,Média,Boa,0.24936515997968506,False
898,False,Feminino,22,False,True,True,False,Parda,Rural,Aprovado,1° EF,False,62.6,6.1,N6,1459.46,False,False,False,False,False,Baixo,Bom,Média,True,Média,True,0.7,False,Moderado,Boa,Parcial,Baixa,Regular,0.388014220416455,False
899,False,Masculino,16,False,True,False,False,Parda,Urbana,Aprovado,3° EF,False,71.1,7.1,N3,1537.69,False,False,False,False,False,Baixo,Bom,Alta,False,Alta,False,0.9,False,Alto,Boa,Parcial,Baixa,Regular,0.2940578974098528,True
900,False,Feminino,13,True,True,True,False,Parda,Urbana,Reprovado,8° EF,False,60.2,8.6,N2,1217.95,False,False,False,False,False,Baixo,Ruim,Alta,False,Média,False,3.4,False,Moderado,Boa,Completa,Alta,Boa,0.2732351447435246,True
901,False,Feminino,20,False,False,False,False,Parda,Urbana,Aprovado,8° EF,False,69.7,8.6,N7,883.04,False,False,False,False,False,Alto,Bom,Alta,False,Alta,False,1.5,False,Moderado,Regular,Completa,Média,Ruim,0.22498730319959373,False
902,False,Feminino,14,False,True,True,False,Parda,Urbana,Aprovado,3° EM,False,77.9,4.7,N1,769.88,False,False,False,False,False,Alto,Ruim,Baixa,True,Média,False,1.7,False,Moderado,Boa,Completa,Alta,Boa,0.3814118842051803,False
903,False,Masculino,20,False,False,True,False,Parda,Urbana,Aprovado,2° EM,False,95.3,4.1,N5,704.79,False,False,True,False,False,Baixo,Ruim,Média,False,Baixa,False,3.0,False,Alto,Boa,Completa,Alta,Ruim,0.3235144743524632,False
904,False,Masculino,20,True,True,True,False,Branca,Urbana,Evadido,2° EM,False,78.8,6.4,N1,828.88,False,False,False,False,False,Alto,Bom,Alta,False,Média,False,2.1,False,Alto,Regular,Parcial,Alta,Regular,0.2905027932960894,False
905,False,Masculino,14,False,True,True,False,Parda,Urbana,Aprovado,2° EM,False,63.4,8.6,N4,519.0,False,False,False,False,False,Alto,Regular,Alta,False,Alta,False,2.8,True,Moderado,Boa,Parcial,Média,Regular,0.2569832402234637,False
906,False,Feminino,10,True,True,True,False,Parda,Urbana,Aprovado,2° EM,False,69.4,6.0,N1,514.34,False,False,False,False,False,Alto,Ruim,Alta,False,Alta,True,1.4,True,Moderado,Ruim,Completa,Baixa,Boa,0.35855764347384456,True
907,True,Feminino,17,False,True,True,False,Parda,Rural,Aprovado,9° EF,False,66.5,3.8,N4,795.28,False,False,False,False,False,Baixo,Bom,Baixa,False,Alta,False,3.2,False,Alto,Boa,Completa,Baixa,Regular,0.4850177755205688,True
908,False,Masculino,14,True,True,True,True,Parda,Urbana,Evadido,3° EM,False,62.5,7.1,N7,548.9,False,False,False,False,False,Alto,Bom,Alta,False,Média,False,3.6,False,Moderado,Regular,Parcial,Baixa,Boa,0.3377348908075165,False
909,False,Masculino,11,False,True,True,True,Branca,Urbana,Aprovado,1° EM,False,86.9,7.5,N5,583.85,False,False,False,False,False,Médio,Regular,Alta,True,Alta,False,2.8,False,Alto,Regular,Parcial,Alta,Boa,0.1934992381919756,False
910,False,Masculino,12,True,True,True,False,Parda,Urbana,Aprovado,7° EF,False,82.8,9.1,N3,405.46,False,False,False,False,False,Alto,Regular,Média,False,Baixa,False,1.4,False,Moderado,Boa,Completa,Média,Boa,0.13306246825799903,True
911,False,Masculino,15,True,True,True,False,Branca,Urbana,Aprovado,3° EM,False,53.1,6.1,N5,1391.47,False,False,False,False,False,Médio,Bom,Alta,False,Média,False,2.3,False,Moderado,Regular,Parcial,Baixa,Boa,0.43626206196038597,False
912,True,Feminino,15,False,True,True,False,Parda,Rural,Em andamento,4° EF,True,99.6,8.5,N3,795.05,False,False,False,False,False,Alto,Bom,Alta,False,Alta,False,3.7,False,Moderado,Ruim,Completa,Média,Boa,0.24750296258676152,False
913,False,Masculino,13,False,True,True,False,Parda,Urbana,Aprovado,9° EF,False,88.9,7.3,N6,267.69,False,False,False,False,False,Alto,Ruim,Baixa,True,Média,False,3.0,False,Alto,Boa,Completa,Média,Ruim,0.1934992381919756,False
914,False,Feminino,21,True,True,False,False,Parda,Urbana,Aprovado,2° EM,False,86.1,7.8,N7,525.3,False,False,True,False,False,Alto,Bom,Alta,False,Média,False,1.8,False,Baixo,Boa,Completa,Média,Boa,0.18232605383443376,False
915,False,Feminino,15,False,True,True,False,Parda,Urbana,Aprovado,1° EM,False,71.9,4.3,N2,509.24,False,False,False,False,True,Alto,Bom,Alta,True,Alta,False,3.5,True,Moderado,Regular,Completa,Alta,Regular,0.4321990858303707,True
916,False,Masculino,14,True,True,False,False,Preta,Urbana,Em andamento,7° EF,False,93.0,7.8,N1,951.08,False,False,False,False,False,Alto,Regular,Alta,False,Baixa,False,2.3,False,Moderado,Boa,Completa,Média,Regular,0.14728288471305231,False
917,True,Masculino,20,True,True,True,False,Parda,Urbana,Evadido,7° EF,False,58.4,7.5,N5,457.58,True,False,False,False,False,Alto,Ruim,Alta,False,Alta,True,4.4,False,Alto,Regular,Parcial,Média,Regular,0.5075334349077366,True
918,False,Feminino,19,False,True,True,False,Branca,Urbana,Aprovado,4° EF,False,52.4,7.4,N6,1726.18,False,False,False,False,False,Médio,Bom,Média,False,Alta,False,2.4,False,Moderado,Boa,Completa,Média,Ruim,0.3737938039614017,False
919,False,Masculino,12,False,True,False,False,Parda,Urbana,Aprovado,2° EM,False,54.6,7.1,N3,945.17,False,False,False,True,False,Médio,Regular,Alta,False,Alta,True,3.1,True,Baixo,Regular,Parcial,Média,Regular,0.7164381242593534,True
920,False,Feminino,17,False,False,False,False,Parda,Urbana,Aprovado,2° EM,False,94.5,5.2,N6,571.72,False,False,True,False,False,Baixo,Bom,Alta,False,Média,False,1.3,False,Moderado,Boa,Parcial,Média,Regular,0.2717115286947689,False
921,True,Feminino,22,False,True,True,False,Parda,Rural,Aprovado,3° EF,False,79.8,9.2,N4,730.77,False,False,False,False,False,Alto,Regular,Alta,False,Alta,False,1.8,False,Baixo,Boa,Parcial,Média,Boa,0.14321990858303713,False
922,False,Feminino,22,False,True,True,False,Parda,Urbana,Aprovado,3° EM,False,64.7,8.7,N7,417.87,False,False,False,False,False,Alto,Ruim,Baixa,True,Média,False,3.8,False,Moderado,Boa,Completa,Alta,Regular,0.2453021838496699,True
923,True,Feminino,20,False,True,True,False,Amarela,Rural,Aprovado,2° EM,False,79.8,7.3,N1,636.87,False,True,False,False,False,Alto,Regular,Baixa,False,Alta,False,1.5,False,Baixo,Ruim,Completa,Baixa,Boa,0.23971559167089893,True
924,False,Feminino,18,False,True,False,False,Branca,Urbana,Reprovado,7° EF,False,69.5,7.7,N7,588.55,False,False,False,False,True,Médio,Ruim,Baixa,False,Média,False,1.9,True,Baixo,Ruim,Parcial,Média,Ruim,0.2717115286947689,False
925,False,Masculino,19,False,True,True,False,Branca,Urbana,Aprovado,2° EM,False,51.4,5.8,N3,317.59,False,False,False,False,False,Médio,Bom,Média,True,Média,True,1.1,False,Baixo,Ruim,Parcial,Média,Regular,0.4601320467242255,True
926,False,Masculino,14,False,True,True,False,Branca,Urbana,Aprovado,9° EF,False,88.7,3.5,N3,562.26,False,False,False,False,False,Baixo,Bom,Alta,True,Alta,True,1.2,True,Baixo,Boa,Parcial,Baixa,Boa,0.38750634840020315,False
927,False,Feminino,19,False,True,True,False,Branca,Urbana,Reprovado,2° EM,False,93.4,4.6,N6,812.55,False,False,False,False,False,Médio,Bom,Média,False,Baixa,False,2.6,False,Moderado,Regular,Completa,Alta,Ruim,0.3077704418486541,True
928,False,Masculino,17,True,True,True,False,Branca,Urbana,Aprovado,9° EF,False,62.4,6.6,N2,612.93,False,False,False,False,False,Alto,Bom,Alta,True,Média,False,2.5,False,Alto,Regular,Completa,Média,Regular,0.36363636363636365,False
929,False,Feminino,15,False,True,False,False,Amarela,Rural,Evadido,1° EM,False,93.5,4.4,N1,417.23,False,False,True,False,False,Médio,Regular,Baixa,False,Alta,True,3.3,False,Baixo,Regular,Completa,Alta,Boa,0.31742001015744026,True
930,False,Feminino,18,False,True,True,False,Branca,Urbana,Aprovado,2° EM,False,87.4,6.9,N2,373.01,False,False,False,False,False,Médio,Bom,Alta,False,Média,False,2.5,False,Moderado,Boa,Parcial,Média,Boa,0.2214321990858303,False
931,False,Masculino,10,False,True,False,True,Preta,Urbana,Aprovado,9° EF,False,94.5,7.7,N2,260.83,False,False,False,False,False,Alto,Bom,Média,False,Baixa,False,2.1,False,Alto,Ruim,Completa,Média,Boa,0.14474352463179277,True
932,False,Masculino,11,False,True,False,False,Parda,Urbana,Aprovado,2° EM,False,51.3,3.0,N4,1140.71,False,False,False,False,False,Médio,Bom,Média,True,Média,False,3.5,False,Alto,Ruim,Completa,Baixa,Boa,0.6028440832910106,True
933,False,Feminino,11,False,False,True,False,Branca,Urbana,Em andamento,1° EM,False,93.8,6.0,N7,697.07,False,True,False,False,False,Baixo,Ruim,Alta,True,Média,False,0.8,False,Alto,Boa,Completa,Alta,Regular,0.2346368715083799,False
934,False,Outro,12,False,True,True,False,Branca,Urbana,Aprovado,7° EF,False,61.5,6.5,N7,1795.48,False,False,False,False,False,Médio,Ruim,Baixa,True,Alta,True,1.6,False,Alto,Boa,Parcial,Baixa,Boa,0.37328593194514975,False
935,False,Feminino,16,False,True,False,False,Amarela,Urbana,Aprovado,6° EF,False,93.5,6.7,N3,882.17,False,False,False,False,False,Alto,Regular,Alta,False,Média,False,2.2,False,Alto,Regular,Completa,Média,Boa,0.20060944641950226,True
936,False,Feminino,17,False,True,True,False,Não declarada,Urbana,Aprovado,8° EF,False,54.3,4.6,N4,379.22,False,False,True,False,False,Alto,Ruim,Alta,False,Média,False,2.7,False,Moderado,Boa,Parcial,Média,Regular,0.5063484002031489,False
937,False,Masculino,22,False,True,True,False,Branca,Urbana,Aprovado,5° EF,False,97.1,3.1,N3,499.63,False,False,False,False,False,Baixo,Regular,Alta,False,Baixa,False,2.6,False,Moderado,Regular,Completa,Alta,Boa,0.3651599796851194,False
938,False,Feminino,15,False,True,False,False,Branca,Urbana,Aprovado,2° EM,False,53.2,7.2,N4,542.67,False,False,True,False,False,Baixo,Bom,Média,False,Média,False,2.5,False,Moderado,Ruim,Completa,Baixa,Boa,0.37988826815642457,True
939,False,Feminino,10,False,True,True,False,Parda,Urbana,Aprovado,2° EM,False,67.6,6.8,N2,594.54,False,False,False,False,False,Médio,Ruim,Alta,False,Alta,True,2.2,False,Moderado,Boa,Completa,Média,Boa,0.3270695784662266,False
940,False,Masculino,22,False,True,True,False,Branca,Urbana,Aprovado,2° EM,False,64.2,5.0,N3,952.43,True,False,False,False,False,Alto,Bom,Média,False,Média,True,0.9,False,Alto,Ruim,Parcial,Baixa,Boa,0.6050448620281021,False
941,False,Masculino,14,False,True,True,False,Parda,Rural,Aprovado,1° EM,False,81.3,5.9,N6,862.78,True,False,False,False,False,Alto,Ruim,Alta,False,Alta,False,1.0,True,Moderado,Regular,Parcial,Média,Boa,0.47249026578635517,False
942,False,Masculino,18,True,True,False,False,Parda,Urbana,Aprovado,2° EM,False,77.3,9.3,N6,514.38,False,False,True,False,False,Médio,Regular,Média,False,Média,False,1.7,False,Moderado,Regular,Parcial,Alta,Boa,0.15083798882681562,True
943,False,Masculino,11,False,True,False,False,Parda,Urbana,Em andamento,2° EM,False,96.0,4.9,N6,367.1,False,False,False,False,False,Alto,Bom,Baixa,True,Baixa,False,1.4,False,Moderado,Ruim,Completa,Alta,Regular,0.2793296089385475,False
944,False,Feminino,12,False,True,True,False,Branca,Rural,Aprovado,9° EF,False,54.1,6.8,N6,341.37,False,False,False,False,False,Alto,Regular,Alta,True,Alta,False,2.2,True,Moderado,Ruim,Parcial,Média,Ruim,0.3956323006602336,False
945,False,Masculino,14,False,True,True,False,Parda,Rural,Aprovado,2° EM,False,68.3,7.0,N5,671.08,True,False,False,False,False,Alto,Bom,Alta,True,Baixa,False,1.8,False,Baixo,Regular,Insuficiente,Alta,Boa,0.4826477061113933,True
946,False,Feminino,19,True,True,False,False,Parda,Urbana,Aprovado,1° EM,False,86.9,7.9,N4,663.11,False,True,False,False,False,Alto,Ruim,Alta,True,Alta,False,3.1,False,Alto,Regular,Completa,Baixa,Boa,0.1731843575418994,False
947,False,Feminino,10,False,True,False,False,Parda,Urbana,Evadido,3° EM,False,88.1,7.7,N7,1018.92,False,False,False,False,False,Alto,Ruim,Alta,False,Baixa,True,2.0,False,Moderado,Boa,Parcial,Média,Regular,0.1772473336719147,True
948,False,Masculino,13,False,True,True,False,Não declarada,Urbana,Aprovado,1° EM,False,73.0,5.1,N5,455.12,False,False,True,False,True,Alto,Bom,Média,False,Alta,False,3.1,False,Moderado,Ruim,Completa,Baixa,Ruim,0.3859827323514475,False
949,False,Feminino,10,True,True,True,False,Branca,Urbana,Aprovado,3° EM,True,86.4,7.6,N6,485.87,False,False,False,False,False,Médio,Bom,Alta,False,Baixa,False,2.7,False,Baixo,Ruim,Completa,Alta,Boa,0.36025055019468427,False
950,True,Masculino,13,False,True,True,False,Branca,Urbana,Aprovado,5° EF,False,54.3,6.1,N6,399.61,False,False,False,True,False,Médio,Bom,Alta,False,Alta,True,0.4,False,Baixo,Boa,Completa,Baixa,Regular,0.7687489419332995,False
951,False,Masculino,14,True,True,False,False,Preta,Urbana,Aprovado,7° EF,False,58.5,5.1,N4,495.06,False,False,False,False,False,Alto,Ruim,Média,False,Alta,False,2.9,False,Moderado,Regular,Completa,Baixa,Ruim,0.4596241747079736,True
952,False,Feminino,10,True,True,True,False,Branca,Rural,Aprovado,8° EF,False,72.3,6.7,N6,670.36,False,False,False,False,False,Médio,Bom,Baixa,False,Alta,False,1.8,False,Alto,Boa,Insuficiente,Baixa,Boa,0.308278313864906,False
953,False,Masculino,19,True,False,True,False,Parda,Rural,Aprovado,1° EM,False,61.3,7.7,N6,427.12,False,False,False,False,False,Médio,Bom,Média,True,Baixa,False,2.8,False,Alto,Boa,Completa,Média,Boa,0.31335703402742504,False
954,False,Masculino,12,True,True,True,False,Preta,Rural,Aprovado,2° EM,False,60.7,6.3,N2,714.12,True,False,False,False,False,Alto,Bom,Baixa,False,Média,False,2.2,False,Alto,Boa,Completa,Baixa,Boa,0.5567970204841712,False
955,True,Masculino,15,True,True,True,False,Branca,Urbana,Reprovado,2° EM,False,79.3,5.8,N7,706.9,False,False,False,False,False,Alto,Regular,Alta,False,Baixa,False,1.6,False,Moderado,Boa,Completa,Baixa,Regular,0.31843575418994413,False
956,False,Masculino,18,False,True,False,False,Parda,Urbana,Em andamento,7° EF,False,90.7,5.5,N3,1051.18,False,False,False,True,False,Alto,Bom,Baixa,True,Alta,True,2.2,False,Alto,Ruim,Insuficiente,Alta,Boa,0.6143558489927204,False
957,False,Masculino,15,False,True,True,False,Branca,Urbana,Reprovado,1° EM,False,90.0,6.5,N1,738.03,False,False,True,False,False,Baixo,Bom,Alta,False,Média,False,2.8,True,Baixo,Boa,Completa,Alta,Regular,0.22854240731335704,False
958,False,Masculino,16,False,True,True,False,Branca,Rural,Reprovado,2° EM,False,91.9,8.2,N4,775.24,False,False,False,True,False,Alto,Bom,Alta,True,Média,False,1.8,False,Alto,Regular,Completa,Alta,Regular,0.47113594040968343,True
959,False,Feminino,11,False,True,True,False,Não declarada,Urbana,Aprovado,2° EM,False,65.5,4.8,N4,409.08,False,False,False,False,False,Baixo,Regular,Alta,False,Alta,True,2.4,False,Moderado,Regular,Completa,Média,Ruim,0.4393092940578974,False
960,False,Feminino,21,False,True,False,False,Preta,Urbana,Aprovado,4° EF,False,66.9,7.1,N7,619.8,True,False,False,False,False,Alto,Bom,Alta,False,Alta,False,2.4,False,Alto,Regular,Parcial,Média,Boa,0.4846791941764009,True
961,False,Feminino,16,True,True,True,False,Branca,Urbana,Aprovado,1° EM,False,91.2,6.7,N1,573.24,False,False,False,False,False,Baixo,Bom,Média,False,Baixa,False,3.9,True,Alto,Regular,Completa,Alta,Boa,0.21229050279329606,False
962,False,Masculino,11,True,True,True,False,Parda,Urbana,Reprovado,2° EM,False,63.8,8.0,N4,322.16,False,False,False,False,False,Médio,Ruim,Baixa,True,Média,False,2.3,False,Moderado,Ruim,Completa,Alta,Boa,0.2854240731335704,True
963,False,Masculino,15,False,True,True,False,Branca,Urbana,Aprovado,1° EM,False,65.3,5.5,N4,1136.64,False,False,False,False,False,Alto,Bom,Alta,False,Baixa,False,2.6,False,Moderado,Regular,Completa,Alta,Boa,0.40477399695276794,False
964,False,Masculino,12,False,True,True,False,Preta,Urbana,Aprovado,6° EF,False,91.2,9.9,N3,1096.33,False,False,False,False,False,Alto,Bom,Média,False,Baixa,False,1.3,False,Alto,Boa,Completa,Baixa,Boa,0.049771457592686606,False
965,False,Feminino,18,True,True,True,False,Parda,Rural,Reprovado,2° EM,False,72.4,6.3,N3,535.2,True,False,False,False,False,Médio,Regular,Baixa,False,Média,False,1.1,False,Baixo,Boa,Completa,Média,Ruim,0.49737599458269843,True
966,False,Feminino,19,True,True,True,False,Parda,Rural,Aprovado,5° EF,False,78.7,5.0,N3,595.65,False,False,False,False,False,Médio,Bom,Média,False,Baixa,False,3.8,True,Alto,Ruim,Completa,Alta,Regular,0.36211274758760786,True
967,False,Feminino,22,False,True,True,False,Branca,Urbana,Reprovado,6° EF,False,99.1,7.4,N2,1035.0,False,False,False,False,False,Baixo,Bom,Baixa,False,Baixa,False,2.8,False,Alto,Regular,Completa,Alta,Regular,0.13661757237176234,False
968,False,Feminino,12,False,True,True,False,Branca,Urbana,Evadido,2° EM,False,77.1,5.5,N5,837.79,False,False,False,True,False,Alto,Bom,Alta,True,Alta,False,0.8,True,Alto,Ruim,Completa,Média,Boa,0.6834264432029796,True
969,False,Feminino,20,False,True,True,True,Parda,Urbana,Aprovado,2° EM,False,55.1,5.3,N6,1345.78,False,False,False,False,False,Alto,Bom,Média,False,Média,False,3.2,False,Moderado,Boa,Completa,Média,Ruim,0.46673438293550024,True
970,True,Masculino,14,True,True,True,False,Preta,Rural,Evadido,1° EM,False,60.1,4.4,N1,1768.15,False,False,False,False,False,Alto,Bom,Média,False,Baixa,False,1.3,False,Baixo,Regular,Completa,Alta,Boa,0.4870492635855764,False
971,False,Masculino,12,True,True,True,False,Parda,Rural,Em andamento,9° EF,False,97.1,5.4,N5,693.26,False,False,False,False,False,Alto,Ruim,Alta,False,Média,False,1.8,False,Baixo,Boa,Completa,Média,Boa,0.2483494159471813,False
972,False,Masculino,21,False,True,True,True,Branca,Urbana,Aprovado,1° EM,False,85.9,8.6,N2,411.16,False,False,False,False,False,Baixo,Regular,Alta,False,Alta,False,3.0,True,Alto,Ruim,Parcial,Alta,Regular,0.14271203656678513,False
973,False,Feminino,17,True,True,False,False,Parda,Urbana,Aprovado,2° EM,False,57.5,5.6,N3,690.23,False,False,False,False,False,Baixo,Bom,Baixa,False,Média,False,2.3,False,Alto,Regular,Insuficiente,Baixa,Boa,0.4393092940578974,False
974,True,Masculino,19,True,True,True,False,Parda,Urbana,Aprovado,7° EF,False,83.1,5.2,N4,1078.59,True,False,False,False,False,Alto,Bom,Baixa,False,Alta,False,2.6,True,Moderado,Regular,Parcial,Média,Regular,0.4988996106314542,False
975,False,Masculino,11,True,True,True,False,Parda,Urbana,Aprovado,6° EF,False,67.2,6.4,N3,471.58,False,False,True,False,False,Médio,Bom,Média,False,Alta,True,2.0,False,Alto,Boa,Parcial,Média,Boa,0.34941594718131025,False
976,False,Feminino,16,True,True,True,False,Amarela,Urbana,Aprovado,3° EM,False,92.5,5.7,N7,928.73,True,False,False,False,False,Alto,Regular,Média,False,Média,False,1.9,False,Moderado,Boa,Completa,Média,Regular,0.42576604029118,True
977,False,Feminino,13,False,True,True,False,Parda,Urbana,Em andamento,1° EM,False,72.7,6.4,N3,2001.53,False,False,False,False,False,Alto,Bom,Baixa,False,Alta,False,1.4,False,Alto,Ruim,Insuficiente,Baixa,Boa,0.32148298628745553,False
978,True,Masculino,11,False,True,True,False,Branca,Urbana,Aprovado,1° EM,True,86.0,6.2,N5,515.9,False,False,False,False,False,Médio,Bom,Média,False,Baixa,False,1.5,False,Moderado,Boa,Completa,Baixa,Regular,0.4333841205349585,True
979,False,Masculino,12,False,True,True,False,Parda,Rural,Reprovado,2° EM,False,50.7,4.9,N3,768.16,False,True,False,False,False,Baixo,Regular,Alta,False,Alta,False,1.1,False,Alto,Regular,Completa,Alta,Regular,0.5093956323006602,True
980,False,Feminino,15,False,True,False,False,Preta,Urbana,Aprovado,2° EM,False,80.0,8.1,N4,343.16,False,False,False,False,False,Alto,Regular,Média,False,Alta,False,1.5,False,Alto,Ruim,Completa,Alta,Boa,0.19807008633824277,False
981,True,Masculino,13,False,True,False,True,Parda,Urbana,Aprovado,2° EF,False,97.5,6.3,N6,1558.68,True,False,False,False,False,Médio,Bom,Alta,False,Alta,False,0.6,False,Moderado,Boa,Completa,Alta,Ruim,0.36990011850347043,False
982,False,Masculino,21,False,True,True,False,Preta,Urbana,Reprovado,9° EF,False,98.2,5.9,N6,444.01,True,False,False,False,False,Médio,Bom,Alta,False,Baixa,False,2.3,False,Alto,Regular,Parcial,Baixa,Boa,0.3866598950397833,False
983,False,Feminino,17,False,True,True,False,Branca,Urbana,Aprovado,6° EF,False,99.9,6.3,N5,4582.92,False,False,False,False,True,Médio,Bom,Média,True,Média,True,3.1,False,Alto,Boa,Parcial,Alta,Boa,0.18842051802945656,True
984,False,Masculino,22,False,True,False,False,Branca,Urbana,Aprovado,1° EM,False,66.6,4.1,N6,339.03,False,False,False,False,False,Médio,Regular,Alta,False,Alta,False,1.0,False,Moderado,Ruim,Completa,Alta,Ruim,0.4692737430167599,True
985,False,Feminino,17,True,True,True,False,Branca,Urbana,Aprovado,9° EF,False,50.1,10.8,N3,447.18,True,False,False,False,False,Alto,Regular,Alta,False,Alta,False,2.0,False,Moderado,Boa,Completa,Média,Regular,0.38208904689351614,False
986,False,Masculino,16,False,True,False,False,Branca,Urbana,Evadido,2° EM,False,71.4,7.6,N1,319.11,False,False,False,False,False,Baixo,Ruim,Baixa,False,Alta,False,3.0,False,Alto,Regular,Parcial,Média,Regular,0.26714068054850176,True
987,False,Masculino,17,False,True,True,False,Indígena,Urbana,Aprovado,2° EM,False,99.1,7.2,N7,1003.77,False,False,False,False,False,Baixo,Regular,Alta,False,Baixa,False,0.9,False,Baixo,Boa,Completa,Baixa,Regular,0.14677501269680043,False
988,False,Feminino,20,False,True,True,False,Parda,Urbana,Evadido,3° EM,False,58.4,6.9,N7,444.43,True,False,False,False,True,Médio,Bom,Baixa,False,Alta,False,3.6,False,Alto,Boa,Completa,Alta,Boa,0.5380057558828508,True
989,True,Feminino,18,False,True,True,False,Preta,Urbana,Aprovado,3° EF,False,70.3,6.3,N7,368.35,False,False,False,False,False,Médio,Bom,Média,False,Alta,True,1.6,False,Baixo,Ruim,Completa,Média,Boa,0.3387506348400203,False
990,False,Masculino,15,False,True,True,False,Parda,Rural,Aprovado,6° EF,False,53.1,6.6,N5,330.37,True,False,False,False,False,Baixo,Regular,Baixa,False,Alta,False,0.1,False,Baixo,Regular,Parcial,Baixa,Boa,0.5801591332317589,False
991,False,Feminino,14,False,True,True,False,Indígena,Urbana,Aprovado,8° EF,False,90.0,5.4,N6,409.85,False,False,True,False,False,Baixo,Bom,Alta,False,Alta,False,3.5,False,Baixo,Boa,Completa,Média,Boa,0.2844083291010665,False
992,False,Masculino,15,True,True,True,False,Amarela,Urbana,Reprovado,3° EM,False,77.1,6.8,N7,1497.9,False,False,False,False,False,Baixo,Ruim,Média,False,Média,False,2.4,False,Baixo,Ruim,Parcial,Média,Regular,0.2788217369222956,False
993,False,Feminino,13,False,True,True,False,Parda,Urbana,Aprovado,6° EF,False,74.3,5.0,N1,536.5,False,False,False,False,False,Médio,Bom,Baixa,False,Alta,False,2.3,False,Moderado,Boa,Completa,Média,Boa,0.3844591163026917,True
994,False,Feminino,22,False,True,False,False,Branca,Urbana,Aprovado,9° EF,True,56.3,7.9,N2,604.93,False,False,False,False,False,Médio,Ruim,Alta,False,Baixa,True,0.2,False,Baixo,Ruim,Parcial,Alta,Ruim,0.49788386659895045,False
995,False,Feminino,18,False,False,True,False,Preta,Urbana,Aprovado,3° EM,False,70.6,6.4,N6,943.54,False,False,False,False,False,Médio,Bom,Alta,True,Média,False,2.1,False,Alto,Boa,Parcial,Média,Ruim,0.33214829862874556,False
996,False,Masculino,12,False,True,True,False,Parda,Urbana,Aprovado,1° EF,False,77.2,6.6,N5,636.87,True,False,False,False,False,Médio,Bom,Média,False,Alta,False,2.6,False,Alto,Boa,Completa,Média,Regular,0.4577619773150499,False
997,False,Masculino,13,False,True,True,False,Parda,Urbana,Aprovado,2° EM,False,83.4,6.6,N1,647.44,False,True,False,False,False,Médio,Regular,Alta,True,Alta,False,3.8,False,Moderado,Boa,Completa,Média,Regular,0.2569832402234637,True
998,False,Feminino,19,False,False,True,False,Branca,Urbana,Reprovado,2° EM,False,72.0,6.8,N2,534.31,True,False,False,False,False,Alto,Bom,Média,True,Baixa,False,1.4,False,Alto,Boa,Completa,Baixa,Regular,0.47401388183511095,True
999,False,Masculino,21,False,True,True,False,Preta,Urbana,Reprovado,1° EM,False,56.0,4.9,N6,856.83,False,False,False,False,False,Médio,Regular,Média,False,Média,False,1.1,False,Baixo,Ruim,Parcial,Alta,Boa,0.48247841543930936,True
1000,False,Masculino,15,True,True,True,False,Branca,Urbana,Reprovado,6° EF,False,99.3,8.3,N1,432.44,False,False,False,False,False,Alto,Regular,Média,False,Média,False,1.2,True,Alto,Ruim,Insuficiente,Média,Regular,0.08989334687658708,False
